sample_id,group,myeloid_subtype,n_cells,Kupffer_resident_score1_mean,Monocyte_derived_Mph_score1_mean,Inflammatory_Mph_score1_mean,Injury_response_Mph_score1_mean,Neutrophil_score1_mean,Activated_neutrophil_score1_mean,Interferon_response_score1_mean,Antigen_presentation_score1_mean,Neutrophil_inflammation1_mean,Chemokine_recruitment1_mean,IL1_TNF_inflammatory1_mean,IFN_response1_mean,Antigen_presentation1_mean,Kupffer_resident_identity1_mean,Phagocytosis_efferocytosis1_mean,Tissue_repair_ECM1_mean,Endothelial_activation1_mean,ROS_degranulation1_mean,T_NK_activation1_mean,Anti_inflammatory_repair1_mean
AP-300,APAP,Activated inflammatory neutrophil,3,-0.5787594721074606,-0.36324214813105643,1.2836334454597986,-0.15728342158750236,1.0373113809630286,1.5516010762243795,-0.12467468184208105,0.18798662810827782,1.3184742313125162,0.2961956339782216,0.48351724820943737,0.14594183849625592,0.718361877835484,-0.5157230772107722,-0.0825379782501092,0.015956144138138156,0.11017608213449358,0.16738449698449928,0.09182816046656252,-0.2782933090418419
AP-300,APAP,Activated neutrophil,55,-0.5228578214925486,-0.4659114207854297,0.5215950121950903,0.032241501403526156,1.243166676122315,0.5582963869090652,-0.2627820844190559,1.5974240828119426,1.1673192673690542,0.03753869590085361,0.10143806164082401,-0.12459432571235217,1.4687124700280583,-0.45682884732170626,-0.08620070769639376,-0.056098627661942305,0.004009088778773425,-0.05054334026613531,-0.021973265327871323,-0.3415642836888144
AP-300,APAP,Antigen-presenting macrophage / Mo-Mac,216,0.21363921737508174,0.5820922458858079,0.5209312549183466,0.9386469495311951,-0.1292735820527963,0.1949408354625384,0.024906497730251338,1.9426240789639952,0.12779830157688704,0.37367139342705047,-0.09300189212967974,0.12404108039307794,1.720076792538358,0.15792509733932714,0.09398305002074299,0.005382617809287739,-0.003019552722195695,0.3637834894750964,-0.02525810710097459,0.31496965883851946
AP-300,APAP,Antigen-presenting myeloid with lymphoid-like signal,24,-0.18781042543544596,0.26811853524582635,0.08754478228511947,0.3143524935060666,-0.2880869275468389,-0.40073941936921076,-0.07014122012386313,1.9049355497389506,-0.20353379245180805,0.1916631208214787,-0.185857299810294,0.09252546037103093,1.7001676462811024,-0.17503385067882274,-0.05364020134028565,-0.03149701031253116,-0.05358309092596657,0.17214116037394722,0.6419324605760149,-0.05080427095834846
AP-300,APAP,CCR7+ DC-like antigen-presenting myeloid,6,-0.5514533533981479,-0.6266487141319843,-0.10051191168254289,-0.2729711592687237,-0.08664136674258009,-0.7425375573571937,-0.16715350477461632,2.497126249179383,-0.22443239637734477,-0.035062407246936655,-0.05787307711675446,-0.15403483801075615,2.103654734640429,-0.5069946857579648,-0.07111705685173492,-0.08962357221811018,-0.05490481155011635,0.14100215991729892,0.062322275100632735,-0.3100244052641883
AP-300,APAP,Cycling neutrophil,14,0.41779087492937284,0.6033160690310089,0.020967687552363716,0.5257623523101581,0.870820041103753,-0.28810029912871843,-0.1745314454296113,0.6800151572710638,0.5535969101817378,0.08669374756282912,-0.2474229132331609,-0.06925166284800796,0.9184097369507924,0.414518478166358,0.09219374603188837,-0.09875439895868472,0.01685074797714754,0.6374114616776478,0.006817126240089037,0.3147682284079824
AP-300,APAP,DC-like antigen-presenting myeloid,250,-0.5649048338130144,0.20464070185721278,0.03431602976721399,0.03579317015912216,-0.20747864281854211,-0.5316943890145548,-0.19497784587142467,1.8365252186994603,-0.17345005754386028,0.020856432909979176,-0.1417995750850388,0.0340944877178887,1.538702425209032,-0.5072603594797372,-0.10510865904355012,0.07660826466735267,-0.049385649211836594,0.15274591377397814,-0.05809343200245472,-0.2529867119708039
AP-300,APAP,IFN-responsive inflammatory neutrophil,1,-0.4481921190877965,1.6067680506957478,-0.09546707275572913,0.36691073521714074,3.171559019846298,-0.04409673105256484,1.5036870289665378,0.18628262368482928,2.107004127006673,-0.1247110853057484,-0.06004628037547338,1.1556678383710104,0.7969797846822815,-0.3930650936931316,-0.02721245061433883,0.13274485840207628,-0.04470841507959733,0.26939711751059475,-0.08572692208559532,-0.017473080183354583
AP-300,APAP,Inflammatory neutrophil,147,-0.5555188113306774,-0.3085124120946559,0.5540127289820931,-0.01750840710914448,1.3784828390602932,0.5650288821703612,-0.2199800680714872,0.033439851311029965,1.263068590578192,0.1894200361692166,0.08858053201872633,-0.11281377969337367,0.6577493685106164,-0.4909797101395205,-0.10841797805975263,-0.043211012061599025,-0.04359332915560203,-0.08533268809575105,0.6179573789667498,-0.3487838450344131
AP-300,APAP,Mature neutrophil,100,-0.42043586100855346,0.8644483057088289,-0.08276189735337965,0.18212674777384702,3.319985210099536,-0.1048398152925141,-0.15695008063056687,0.042147680462611636,2.2120104597128556,-0.11478660539964833,-0.07146460324012398,0.023548646750743012,0.48830831052199314,-0.3636964746453575,-0.07042418628124276,0.17920350627275,-0.022700025143517266,0.3441860255769377,0.03827017024748025,0.0546640978267349
AP-300,APAP,Monocyte-derived macrophage,96,-0.6036015779716234,1.4576779560281463,0.017936096356978314,0.61710287897012,-0.13960730342907846,-0.42741354340060395,-0.22438944039407216,0.3585022382952108,-0.14078027320465328,0.00593683894455146,-0.15638981374646016,0.06304346531277442,0.7673527104094217,-0.517787525568391,-0.04302632254883734,0.1427526780541792,-0.0509758229085922,0.3676023043483919,-0.03449165051502336,-0.13522759889771285
AP-300,APAP,Neutrophil with erythroid/ambient signal,3,-0.442233311541842,0.5864218313041365,0.16259537526727363,0.3340013741935538,1.2983868012527326,0.24958489067875259,-0.29208276329953725,0.5301962991239427,1.0328507643854354,0.07039966645864905,-0.14919035558397445,-0.10984478755949868,0.8496379325009084,-0.36603106296908977,-0.08686067546706006,0.05997120705134017,-0.03380919599849342,0.29571791922273183,0.12006482793915128,-0.10304506430739302
AP-300,APAP,Possible doublet / hepatocyte ambient-contaminated neutrophil,6,-0.4563498997003632,0.18243074511358354,0.45374368857973346,0.5429452009801667,1.1089298507173722,0.5557658542305387,-0.23942883824287245,0.18833698934449566,1.0188527839673405,0.0779226610558161,0.12449137927254848,-0.020797704489432134,0.6013934694637699,-0.3964939367439545,-0.10441905203037684,-0.022669928570130192,-0.051561957739934335,0.2168440225038029,0.11109286076119729,-0.1645406618184744
AP-300,APAP,Rare injury-associated macrophage-like cells,2,1.097845742808733,0.0781678236810685,0.8402296677968315,0.7302099238384904,-0.2380937600409631,0.6351334620448867,-0.38595303084520793,0.06371174203384883,0.1784646012297817,0.5047550794545019,0.34826872280258814,-0.13555157326161188,0.6282708611370171,1.1760419266567241,0.31177795762090066,0.17736650149252,0.23167497831803846,0.5047277997313857,-0.047854738547116193,0.3943061188612247
AP-300,APAP,Resident Kupffer cell,201,2.2309986332940253,0.14259012463841847,-0.02135000682634658,1.4073291959776595,-0.19960576191930104,-0.21373053187493393,-0.00849601381619486,0.8085275064916613,-0.16709222059564968,-0.054642144360058174,-0.09368797901956336,0.09641426917705243,1.088491826305985,2.1561080988268935,0.46740219380920645,-0.05163000906947695,0.30495359650874204,0.44580972143300135,-0.06893388934748541,1.113556914073984
AP-300-2,APAP,Activated inflammatory neutrophil,173,-0.46433000578307515,-0.3733073060337222,1.6363923659132587,0.20818368690232103,1.1021623736709054,1.7207495471602094,-0.15381078705471213,0.03297866832412342,1.4949069251941403,0.41975305744485797,0.6688783481570472,-0.0904790831129755,0.5992304371330806,-0.4010745622639877,-0.06412158589504431,0.011738885815678697,0.005880440088182808,0.0727375896690527,-0.03612548673042812,-0.1632559707772123
AP-300-2,APAP,Activated neutrophil,308,-0.5681360925891908,-0.46485602254238645,0.6254774471788745,-0.06725926148905087,1.2169877005964402,0.6542189978980394,-0.23046983805398893,1.4268765675121238,1.188838149888474,0.011141695505056575,0.17421094046043772,-0.1307560301450202,1.3466473244977755,-0.4975457013320948,-0.09347426323710226,-0.051988233617385256,-0.024047036219283967,-0.0436734805010527,-0.11008887132815727,-0.3518869475504135
AP-300-2,APAP,Antigen-presenting macrophage / Mo-Mac,321,0.03499172854514895,0.6087267374803551,0.25831441877631706,1.0234978587705348,-0.19741448880885426,-0.050334399036642656,0.1199433280142061,1.7722108703961896,-0.03489086493328765,0.2233445153613816,-0.06203957082074988,0.20769844088432227,1.5938232571226036,0.0018127854821879043,0.12047372085455835,0.05735579617694612,-0.03570017332078494,0.3735605965498991,-0.11220836600540948,0.2997602263357191
AP-300-2,APAP,Antigen-presenting myeloid with lymphoid-like signal,55,-0.3791916785955909,0.32171726754484814,0.039144170560249,0.4029910614587316,-0.2497720536728972,-0.3253309468052426,-0.0952537076917211,1.5933934987238778,-0.1338233349225314,0.16664534894143862,-0.20583555102411782,0.015145787459466473,1.4829747694697886,-0.35873412922955006,-0.024105975134078233,-0.036183719398607046,-0.06914928160020173,0.16560188888345134,0.5889065520600362,-0.11033162224333296
AP-300-2,APAP,CCR7+ DC-like antigen-presenting myeloid,10,-0.5862924035161403,-0.690853586494389,-0.03170120438628074,-0.15013356486738721,-0.1908179289084945,-0.7422104721308713,-0.012932004091469806,2.746651626329843,-0.27530051183340754,-0.008933659475952765,-0.09850317974283074,0.010448051416685561,2.270684825218202,-0.5344060093003065,-0.1032624831241461,-0.07008191229410655,-0.0642868566018583,0.14570799228215195,-0.07308448914868906,-0.35611033625534244
AP-300-2,APAP,Cycling neutrophil,31,-0.4181097940807968,0.8407140768706146,-0.23474293439235702,-0.08303537909185163,2.4116737916153888,-0.5447124732197385,-0.25192954772352794,0.12908679409642168,1.4941738335623047,-0.1993594700661241,-0.23924253327671818,-0.1538557903966167,0.457015289694032,-0.37977261374521865,-0.1014186265804862,-0.03937266965930918,-0.03241912397472084,0.5085625941560369,0.014621122434385202,0.0031320377627159796
AP-300-2,APAP,DC-like antigen-presenting myeloid,331,-0.6079270054655225,0.20142217933332496,-0.05791319449097239,0.018213406346280145,-0.24647587597118578,-0.6031573295537782,-0.14866423975673146,1.8851021383865452,-0.22591144824691153,-0.03051574906085207,-0.14979337676504265,0.0636087064043758,1.5521953732027611,-0.550755471190293,-0.09343656937971671,0.05817375496543512,-0.060145140702555826,0.1833697165395116,-0.136814043460784,-0.29077308876109886
AP-300-2,APAP,IFN-responsive inflammatory neutrophil,163,-0.47815250249229796,-0.23104542040208395,1.023081801311629,0.07978893294148594,1.5633781652179342,1.139914574376471,0.5922141327928978,-0.03656309688673726,1.581775867065474,0.13875302911834123,0.4562301947223531,0.5723276298329337,0.5837219366645375,-0.41715558142841846,-0.068614717691569,0.001047068898684075,-0.022652761052845933,-5.569160393014056e-4,-0.059966103326086186,-0.2384056970647756
AP-300-2,APAP,Inflammatory neutrophil,2455,-0.48322248066424617,-0.2781705154050529,0.8601679594244467,0.04501014784395398,1.6247974821591245,1.0313387626215211,-0.16284196584419916,-0.04420653398693164,1.568110297703445,0.12570108800793928,0.3179634851536413,-0.06535189977128947,0.5273373935090085,-0.42135780472268763,-0.07521757674272575,0.011558395822279873,-0.02398959678684995,-0.013282660205980255,0.0837881860591767,-0.2613496273140221
AP-300-2,APAP,Mature neutrophil,210,-0.4468047821669857,0.7734720400049305,-0.09161632554171821,0.14910153775228108,3.1882655716710846,-0.16054161318045465,-0.16185715501197387,-0.0500408370892204,2.1123864081488035,-0.15183333120422782,-0.10101749538523307,0.009355554037366081,0.40564593086905065,-0.39412861679502487,-0.08082227472058322,0.18669460706038213,-0.03886688931312529,0.3703837437025971,-0.042643647272100335,0.04317089359413616
AP-300-2,APAP,Monocyte-derived macrophage,129,-0.62565910652952,1.3173200229993611,0.013378167051134343,0.5877041041487862,-0.23641706515270897,-0.45465681430963006,-0.14368068073668852,0.24408918034762372,-0.20353676710662322,-0.010094288851751822,-0.14485897676390588,0.09463093586538963,0.6925179955887972,-0.5397006861841281,0.008131429559505177,0.12837512522246564,-0.05716522850547617,0.4187180866862775,-0.14738483694959992,-0.17245071862867922
AP-300-2,APAP,Neutrophil with erythroid/ambient signal,194,-0.462173019190599,-0.23555069058470907,0.9059474117248387,0.09675522120082282,1.7531607624852876,1.1424839804404692,-0.17691684946555714,-0.029299376896517317,1.6749696507382732,0.11711236873612069,0.3595799104994226,-0.0642327532654761,0.5245161223747962,-0.4021025473524013,-0.06012540742262244,0.047905349336236316,-0.013964626750000717,-0.0046095951581304724,-0.049918160434685103,-0.2218752652570691
AP-300-2,APAP,Possible doublet / hepatocyte ambient-contaminated neutrophil,177,-0.47551276771068957,-0.25517670593730496,0.8531628118109338,0.19730967659626378,1.606304811832914,0.9747709271290287,-0.1903206032879807,0.0061830746076604725,1.536675964622755,0.10720957388710384,0.32003086332576713,-0.08170446245410264,0.535015329041227,-0.4118417007111963,-0.07126508259348054,0.004138021761114921,-0.016918280902835266,0.06789818515855892,-0.007139131308336673,-0.23662794633660383
AP-300-2,APAP,Rare injury-associated macrophage-like cells,3,0.8389447095724113,0.13117923335190432,0.48435379102962156,1.0522303434484335,-0.22323544127047348,0.175666505793414,-0.25033433648856135,0.5628924506729013,-0.020708635072659482,0.10706103140031561,0.05465016403822674,-0.010023552806618832,0.8613655266363286,0.8383963605866465,0.3903987449276164,0.17147241761837875,0.28344467825111963,0.6317035039050842,-0.21467380726692198,0.5287342780821086
AP-300-2,APAP,Resident Kupffer cell,222,2.105996986403721,0.08789394382197455,-0.030765758249543647,1.4841924677976885,-0.14230937434112936,-0.18806730898266208,0.040778004581886115,0.9295707739208764,-0.1443363761209133,-0.0735053678393088,-0.05626131903022456,0.11620981073870623,1.141979964546848,2.0433594367897028,0.46369758799607685,-0.028770542431080234,0.31571815746754234,0.4145555278928096,-0.12427551547332381,1.088896663659636
AP-300-3,APAP,Activated inflammatory neutrophil,157,-0.4383674451786003,-0.33767434450237127,1.6183243085795864,0.10700669738511458,1.1500850031292056,1.69738094753808,-0.17351543226282812,0.13639692372884563,1.5321549815864761,0.40288917736741137,0.6294371053133003,-0.087739917051291,0.672226457275897,-0.37654268883397357,-0.04217120238934636,0.027376046022042227,-0.01205469438621688,0.023809141754141647,0.001381220786846509,-0.19150446637536028
AP-300-3,APAP,Activated neutrophil,160,-0.42875867356561104,-0.400961576077831,0.5835500964576221,-0.024800682652109454,1.1040186823564,0.5789984454300594,-0.2341397227129457,1.539355743878631,1.079854474661547,0.02735256795110814,0.1594346892291471,-0.1303495947653843,1.4208440453432145,-0.3743539358062925,-0.08431155892908528,-0.04249890846806054,-0.009752956498250817,-0.039849283499099365,-0.042418861653404756,-0.27482444649284254
AP-300-3,APAP,Antigen-presenting macrophage / Mo-Mac,232,0.09687171423340767,0.6114817459717938,0.38877161482749967,0.8974609901714832,-0.17308499615981102,0.0867972902542451,-0.04039618713709357,1.991770645440742,0.04564773841105002,0.29349599652159525,-0.021663493176915207,0.08602002600202698,1.7322011457754318,0.057152128969091255,0.11692399402084666,0.02375096439373783,-0.008076917021024282,0.335226519268456,-0.0712758834542344,0.29904235573740184
AP-300-3,APAP,Antigen-presenting myeloid with lymphoid-like signal,27,-0.2742609427898169,0.08276116274340065,0.22549105704641922,0.34817473951378836,-0.19777537071436269,-0.2290433252902418,-0.1821953999839676,1.923007371652015,-0.05057873165806964,0.19687485445936667,-0.17181870577416553,-0.014429638041690873,1.6547055140298603,-0.27505326822070125,-0.056019896275189385,-0.0075032640693605355,-0.03399676133436376,0.12100823999898616,0.49844249822714404,-0.1116932245603009
AP-300-3,APAP,CCR7+ DC-like antigen-presenting myeloid,12,-0.5343424936598349,-0.5101291345511072,0.06590968307883108,-0.1144503241207776,-0.1449514718674733,-0.5382181424145611,-0.19003418294829302,2.4219885352022152,-0.14109911624064844,0.2179327052572758,-0.10476863199086973,-0.10297556346048856,2.0616181423315902,-0.49076557774324314,-0.09935007147816435,-0.04824517322558469,-0.02529131715498779,0.07768576598018698,0.10801746570106674,-0.35774915319604167
AP-300-3,APAP,Cycling neutrophil,18,0.411818956269243,0.4993294283590837,-0.11791743827843534,0.554655150150617,1.2948295301514257,-0.4567238030879423,-0.17454927711835339,0.4165423857642845,0.7795963188246086,-0.13083830078919872,-0.18681004957415864,-0.06703365164775514,0.6927238436518328,0.41369808163718885,0.12576334088642474,-0.0021012524332011573,0.07020143430560913,0.5590706944750969,-0.11431347505692596,0.3636941205473027
AP-300-3,APAP,DC-like antigen-presenting myeloid,248,-0.5492003828752647,0.08635124806684379,0.16911104219474793,0.053351522597328276,-0.19722025346818056,-0.42105037057947975,-0.23715547345677696,2.2066937744914097,-0.1154693787668148,0.06683450603603193,-0.098299845288267,-0.01132648554937928,1.7552890887827632,-0.4957296942369997,-0.07256804225942916,0.06086464012850128,-0.0649690625796021,0.16773423055234288,-0.08094909552263209,-0.2681765986315142
AP-300-3,APAP,IFN-responsive inflammatory neutrophil,108,-0.4394731950107643,-0.16939436654419737,1.1334402769149208,0.1106035832472672,1.4515190874033093,1.2955657432347627,0.5535826890461684,0.13458238987947524,1.5630320179675867,0.19305384808540021,0.5117796434059037,0.5425143294253434,0.7068101673970849,-0.37925939117596874,-0.04694754664757204,0.039808010777620924,-0.01155077685351565,-0.0010426672973491945,0.008245279950368917,-0.2142572588235365
AP-300-3,APAP,Inflammatory neutrophil,2004,-0.42257351404267807,-0.2841407787774754,0.9451700108575892,0.04691304410983116,1.5711284925364097,1.0892303063891258,-0.1807080672389289,0.13209447227871585,1.5606217035594458,0.1616519165998522,0.37959831835674945,-0.06965281731737982,0.6348826279123957,-0.3652837376277383,-0.05217393080513794,0.024426114772353933,-0.013419102125937419,-0.022959991014629023,0.08829084703255836,-0.23011575715138682
AP-300-3,APAP,Mature neutrophil,125,-0.3585110633972266,0.6377547157298253,0.02475620583533604,0.23278476338177867,2.9077612215109894,-0.03579615612810559,-0.19213727510026188,0.43337599597025206,1.9886175735519074,-0.03694259227423516,-0.05823151073125594,-0.023460615250674645,0.7197005353899582,-0.3110147349860576,-0.056763511996793324,0.15749132484640352,-0.022169246665096162,0.20829417491344485,0.10543685268438376,0.02551020708652553
AP-300-3,APAP,Monocyte-derived macrophage,82,-0.5539842611078875,1.1960954060704927,0.07703973126478451,0.5918707630087081,-0.13419935310932377,-0.33397287036971524,-0.22280369914157552,0.5969328424455624,-0.08250016282782624,0.04061844022356938,-0.13526566619990138,0.050095275793309926,0.8843634604462349,-0.4787959607828463,-0.020234224944144005,0.13047125374472365,-0.04058511585937931,0.36129206920583695,-0.07745056934900112,-0.1636434019223666
AP-300-3,APAP,Neutrophil with erythroid/ambient signal,11,-0.40481088618501904,-0.22660840626543285,0.7171360931704727,0.006481763959377214,1.6121190866382684,0.9719560163396607,-0.3001946607096424,0.11076998510548822,1.535396876669943,0.08016815225496637,0.32845163301038793,-0.14589886686235912,0.6064317945890024,-0.3504173324139535,-0.045966872073333845,0.049175129253672234,0.003103314970903256,0.04518721405258866,0.004224583385729001,-0.20803093581383422
AP-300-3,APAP,Possible doublet / hepatocyte ambient-contaminated neutrophil,33,-0.4341384770599044,-0.31225490679023965,0.9454418961667747,0.25487809695459857,1.5852054881862938,1.0472177392092965,-0.19652490197665115,0.20675060349217236,1.590475106415001,0.1965145895680298,0.335701203680126,-0.07410806615845164,0.6545218322028985,-0.37624268528177074,-0.036233672699342835,0.06743009707647259,-0.015413380035603538,-0.003289374748104072,0.0522462252617174,-0.2227287585018332
AP-300-3,APAP,Rare injury-associated macrophage-like cells,4,1.0135004653402278,0.3579979719198278,0.880517677389628,0.9975896497074026,-0.176320278797961,0.8001096836720545,-0.2726268569295494,0.42822912909108724,0.3297905213325374,0.6218652532126578,0.06902468868620881,-0.08394144788430455,0.8996969263466796,1.0389075835306611,0.18553853292393302,0.21897944098650451,0.14529900763724096,0.42230412635183234,0.10093696477048235,0.4368385439574075
AP-300-3,APAP,Resident Kupffer cell,316,1.8183698784985374,0.09872159432506998,-0.01436772630666547,1.334100389537404,-0.006012030273635415,-0.17071448134115816,-0.04039795836323032,1.000693275789163,-0.03562502832749831,-0.04765024657618252,-0.09841924344837015,0.044144529303571996,1.1796619348803792,1.7376168565717216,0.3353667790169658,-2.5429035452059117e-4,0.2452892774982021,0.32172117022728997,-0.009050683497680574,0.9150030623187464
con1,Control,Activated inflammatory neutrophil,3,-0.5231345965543305,-0.18326673599301704,1.938465279793462,0.16308294203681345,1.2903073314211864,1.6375437576676142,-0.05524825732792934,0.010084337655659728,1.6858071902777159,0.429509431724334,0.8342279812932337,0.08233307149483414,0.627593955625624,-0.4688317742625671,-0.13935937955564454,0.0063731316396563875,0.049162953123837304,0.21049502143109056,-0.06029670057179666,-0.24576733478125354
con1,Control,Activated neutrophil,39,-0.5215163313595137,-0.4115508799521336,0.43210216247331257,-0.12214012574017373,1.271588736911369,0.2870344355395925,-0.2415167133048304,1.5523649585301063,1.1168623687139156,-0.07929158026291382,0.16475810260670015,-0.1044028747285189,1.4436657505150958,-0.4546045838398498,-0.09519158376357609,-0.03447370608071914,-0.013846625245532141,0.020599136158225798,0.01141407450977028,-0.3085648769208935
con1,Control,Antigen-presenting macrophage / Mo-Mac,106,0.09992708857607199,0.9061514647722779,0.379086178556537,1.0071048556451991,-0.2963126030510592,-0.024938295073995854,0.05394351355005047,2.0514078441475587,-0.03874323691364779,0.35729925736992446,-0.06044331609111796,0.18137842388108863,1.7485741274321451,0.07806425801310049,0.12771390933529195,0.015511940955371865,-0.038436862908984,0.35401476569915574,-0.08004424281525709,0.3170558747565541
con1,Control,Antigen-presenting myeloid with lymphoid-like signal,7,0.01583276605716085,0.32257343628268736,-0.15593635729841876,0.3632238537674827,-0.32675928766478374,-0.6880648716775509,0.01164868135294354,1.6745503208492216,-0.31366602696143026,0.06923003599835843,-0.2420282649308697,0.047753210699567075,1.584378176886416,-0.008945057163566987,-0.015284628445627517,-0.11178175544473402,0.051683046300837025,0.07586480720596708,0.7737531997199179,-0.052265289445505514
con1,Control,CCR7+ DC-like antigen-presenting myeloid,3,-0.5040909013202609,-0.6587752076139685,0.1826772215483983,-0.38040384525524423,-0.033514707963410974,-0.5906487195826662,-0.1778606728906096,2.0470712312473576,-0.09736066578672534,0.19071029373762427,-0.008379795651115395,-0.036136696221713144,1.8732932967858638,-0.4565970090257031,-0.08363037277933887,-0.08640509186476081,-0.08676067942462087,0.1687058814619679,0.25616949132093436,-0.3524754644889245
con1,Control,Cycling neutrophil,4,0.009467507997128893,0.7810616162884925,0.13844360645618625,0.5806876827639271,1.11665714430403,-0.35077141934402234,-0.006531582058954488,0.7672963854575159,0.7289778441644701,0.026061311895045597,-0.06282007882463277,0.07353728235494744,0.9241911275136058,-0.043785369179131395,-0.022533048328200467,-0.07323501892639372,-0.036465546186484996,0.4300771620964776,0.1617328037782885,0.3063473686722322
con1,Control,DC-like antigen-presenting myeloid,95,-0.6155126744110334,0.39372904209237247,-0.037635107230149754,-0.04208874234176676,-0.32923059814341554,-0.5561322115253383,-0.1667827252162807,2.12245983974054,-0.2614913815507675,0.0425400859821735,-0.12492120206213499,0.04930748781028657,1.7160334921648615,-0.554006305970446,-0.0768468155822254,0.045793578435258615,-0.058302911841937595,0.20450759686875108,-0.0436113029086322,-0.25805369058227906
con1,Control,IFN-responsive inflammatory neutrophil,3,-0.5566299749029326,0.18199662176027653,0.836409185350575,0.058909608643238756,1.6772405832073662,0.8090002028270868,0.6711580345494694,0.11753606369160605,1.5428671828733678,0.12453527535445749,0.3046689649364992,0.604845742852685,0.5981562644524048,-0.4859594886830602,-0.06602112941581657,0.0892059505381277,0.006451019391668196,0.14301932359004638,0.015994502968201256,-0.34672895993920194
con1,Control,Inflammatory neutrophil,85,-0.5883222599664251,-0.23762925874633395,0.47865633084948034,-0.10224449460594151,1.2665603828768766,0.39559868025608996,-0.09235542999365567,0.09844259407524544,1.146886076317167,0.05072711196040061,0.14496652571628696,-0.013803263863124892,0.6558518032565366,-0.5135977896953235,-0.12386575080052052,-0.031370059000651186,-0.04283409169710737,-0.04592528586251987,0.6119381511037714,-0.3556633935763144
con1,Control,Mature neutrophil,36,-0.39352186497730396,0.8230984285073728,-0.14304089194207156,0.1708992669366022,3.2126118934519723,-0.08890909163486095,-0.13054582928606784,0.1527690862465093,2.1666888537300095,-0.1331477421809145,-0.08467633562587167,0.03395959943483623,0.5080722195686419,-0.3513761818347319,-0.0714534996775793,0.20392422493990991,-0.037467828613002865,0.3206079944190972,0.057400728879562234,0.07404661660693301
con1,Control,Monocyte-derived macrophage,45,-0.6170807481663345,1.7643602527233735,-0.045972509071005765,0.595958932744002,-0.295683321332505,-0.43256526967561826,-0.17883928270530225,0.21819317575579,-0.21259015815179053,0.0819803902857367,-0.20664278173161452,0.07502184390545749,0.6790372200011984,-0.5243724307133386,-0.0734573985171802,0.15734608891477214,-0.03958626164049607,0.45374438197462985,-0.027156509780183972,-0.08401921169832884
con1,Control,Neutrophil with erythroid/ambient signal,11,-0.4685864066805661,0.1364763358212684,0.5713393335833428,0.23989190881797212,2.0780415280190465,0.7079303284193564,-0.12503122634129718,0.15026784081472339,1.731856750566179,-0.01247459440968077,0.3142230405836335,0.013722133338506035,0.640530206846617,-0.41134552538453795,-0.06983126930578401,0.15043056878520458,-0.03462471159756775,0.20736066644617732,0.022625843015556084,-0.13011030343111588
con1,Control,Possible doublet / hepatocyte ambient-contaminated neutrophil,1,-0.6824373055998776,0.4417447960628569,-0.29156875398056165,0.45064577768709957,-0.3785349261801426,-0.8495171301643478,0.17576383701627218,-0.43153932502187886,-0.38637401129778876,-0.3829110234788483,-0.14765699836336327,0.29553895248166473,0.44315473204619527,-0.4876012729168235,0.010703334445908763,-0.1263842481746501,0.004555596284167074,0.4759038004053169,-0.17897953527969163,-0.3853325614564127
con1,Control,Rare injury-associated macrophage-like cells,1,0.8298946233591825,0.15420897798439903,-0.24187826798620493,0.8931384855071978,-0.5377890981908038,-0.3701055230278145,-0.31611735045198674,-0.3461022804232522,-0.590186589929693,-0.32353261206674117,-0.1847811893432728,-0.1082587824151155,0.27277348217462916,0.9097320513488053,0.11647725109989748,0.23601936871495938,0.24241929239110274,0.5254486242762337,-0.2639857547318148,0.5177670403884118
con1,Control,Resident Kupffer cell,57,2.1774281460430953,0.16563493007204802,-0.14745956939243526,1.4516666085801682,-0.2799439217504411,-0.49411760737881344,0.07124650486080729,0.9408284401381329,-0.24799770698042276,-0.036807171883704526,-0.13036021142636858,0.17712046799677936,1.1236270171357592,2.106613006786486,0.48645252432450803,-0.03130882241409351,0.21287645501389518,0.47763838992011404,-0.06000545306834179,1.1237263353986606
con2,Control,Activated inflammatory neutrophil,70,-0.4450370812497642,-0.07107750094943709,1.6277245094880817,0.2639562942465459,0.8863501020916503,1.4764283395657758,-0.13424180904162966,0.1894775199873975,1.3388304433466638,0.37615626415186876,0.6229247018862678,-0.054534720844482,0.6290896609679848,-0.3811550323344844,-0.06581601178905495,0.08518560556009672,-0.01039516346756298,0.21261014771028128,-0.04302184567845368,-0.08490373529224321
con2,Control,Activated neutrophil,58,-0.4613352546981079,-0.29822142988136363,0.47786519995864146,0.03482370371396123,1.139948812476725,0.2832518095692488,-0.22498791072862898,1.4155865047287548,1.0209901807477548,-0.06441014022507245,0.15434049379099993,-0.13552297271199773,1.3643996174987616,-0.4021255431478279,-0.061827107166758676,-0.010585649632988789,-0.01644652619821105,0.00932527142549102,-0.06302110672184867,-0.2487035684048444
con2,Control,Antigen-presenting macrophage / Mo-Mac,280,0.1647180100468281,0.9235902784936972,0.22068032216333602,1.310762770473327,-0.40800540662343904,-0.14827448891616465,0.05419902012778313,1.6450011698878793,-0.16342316032021253,0.2934230351315429,-0.1346104595578095,0.16132988150393915,1.506011432550025,0.1264704786829515,0.127063844068958,0.04332926778421995,-0.038747774143114234,0.36964921399283796,-0.11235065851330242,0.37810511932465013
con2,Control,Antigen-presenting myeloid with lymphoid-like signal,30,-0.06932620860571101,0.31659865719452174,0.03175801834981369,0.396434864881088,-0.49508912273820954,-0.5350678487321509,-0.1696821959968906,1.6177290643736024,-0.3460480345109453,0.21675715603681295,-0.2596833788339498,-0.03300974014348338,1.5089842948459222,-0.11347599300927223,-0.03254979322989296,-0.05298173377423782,-0.06035610552102811,0.10328647911052997,0.5979125523952363,-0.03356772255019776
con2,Control,CCR7+ DC-like antigen-presenting myeloid,4,-0.6295075875400324,-0.1864196905660537,0.4004185436925497,-0.13174984815568672,-0.4193945314786205,-0.2261981689021521,0.10047625856643015,2.596809670972845,-0.17050180291045014,0.21542270037701244,0.08729603535596935,0.14780161951324916,2.0829640260484297,-0.5527270886091081,-0.14443930218970408,-0.10572018197142788,-0.03810630136166064,0.0871012580005177,0.13578658737043509,-0.4443778420319219
con2,Control,Cycling neutrophil,15,0.6042531812399116,0.5383947518866967,-0.011106298817559026,1.1128556901981794,0.4954628508956145,-0.2857587191141637,-0.07945725510633558,0.7854284137135084,0.3175351717904878,0.07455978171292592,-0.16385880064630773,0.048289208062314404,1.0051987122313084,0.5624745246149035,0.14589511192712118,0.04849300852553571,0.021931315860360488,0.40855421510785817,-0.0531899825204695,0.589330819356967
con2,Control,DC-like antigen-presenting myeloid,200,-0.5918972903636501,0.2611911241915159,-0.0025857692553080806,0.0482288903173885,-0.4277046596778844,-0.5266117217846726,-0.23557399305075655,2.3453790368713334,-0.3102940288510017,0.042141026258798786,-0.11685150508161513,-0.009068397235300384,1.841925656478238,-0.5323420282667675,-0.07493435081382538,0.02410353696053899,-0.0559735209369944,0.2331240177312365,-0.1227075228016185,-0.2787247364910059
con2,Control,IFN-responsive inflammatory neutrophil,56,-0.4193054588832024,0.02768617402103256,1.063909050977616,0.21806768130084864,1.2625202249211274,0.9872909537176213,0.9930729938954204,0.0841508634635842,1.386073571472345,0.1781981446827247,0.5357092710753011,0.85269749224649,0.6858201898862473,-0.37138415920515583,-0.07663521371771036,0.03375890041621305,-0.011594175885506078,0.09652340978282586,-0.015702338789358693,-0.11486139907546221
con2,Control,Inflammatory neutrophil,670,-0.4430084536958188,-0.18298524196404536,0.8235278007060415,0.1531782622416248,1.6606686683341203,0.8485005384391994,-0.13398020192833923,0.0997379338658288,1.5617016725628405,0.08037288763118428,0.3413172241185922,-0.019447156360914503,0.6071674056609924,-0.3827864926210463,-0.06653891686571872,0.04842254671751132,-0.012316807388206267,0.06064956204271774,0.08533557632329601,-0.20993701855289781
con2,Control,Mature neutrophil,47,-0.41106517396755815,0.8500209313731776,-0.28558511417964744,0.1536564197228774,3.2454612698298226,-0.388262174816812,-0.1996041392407382,0.1536554406004077,2.083838764028635,-0.1579367685284472,-0.19177955928751048,-0.05962740157770766,0.5242646332939779,-0.3589478780023107,-0.0752683441389281,0.1542453460448661,-0.04102735736823102,0.40540830325426963,0.06725353308770231,0.05215240056220641
con2,Control,Monocyte-derived macrophage,101,-0.5827639628437766,1.817328443555544,-0.028585593433738607,0.6522603150341436,-0.3282564604847994,-0.401458601104411,-0.2460375871503947,0.0941330264135847,-0.2375132657274206,0.11128302653553276,-0.2101807208715997,0.0163685297584606,0.5694872752663458,-0.480832502886445,-0.02833624770476721,0.16694068704622586,-0.061386291867338495,0.4864426590514384,-0.09707554017781646,-0.07319864810847855
con2,Control,Neutrophil with erythroid/ambient signal,29,-0.40278958069687953,-0.005369307062820554,0.8857209459324147,0.15505163326046,1.74193238436298,1.0884638967228488,-0.08259695068168418,-0.12451382233252725,1.6852853993538441,0.10818069783379483,0.4393793084839858,0.033100212729816975,0.4133207765586755,-0.33847394461619645,-0.05564250570431797,0.07336400880109835,0.005587111891208911,-9.630201135220483e-6,-0.01574621121229274,-0.1313573452674953
con2,Control,Possible doublet / hepatocyte ambient-contaminated neutrophil,102,-0.38192374601689716,-0.12838212766136348,0.7979630638697341,0.34648210319589084,1.4988885479186151,0.7556638023372587,-0.14567769501810918,0.11733129639170625,1.4164277719745746,0.06470545177582605,0.30085956895952165,-0.07168964656793729,0.6220644058410884,-0.31771956360394404,-0.03456853626293016,0.051622261851826654,-0.015008459879048247,0.11475554910592652,0.005953883382743711,-0.1401228703720338
con2,Control,Rare injury-associated macrophage-like cells,6,0.628645533243588,0.0763194612696298,0.1504595039669812,0.9567768481243275,-0.3736149188470287,-0.004250272765950654,-0.4258430103038106,-0.23815487569966465,-0.21399553743690317,0.07256066580919285,-0.09073331928501517,-0.23758432967737556,0.43369378629832445,0.6658373734098737,0.3794348690996003,0.30942300516729565,0.14988414537244735,0.6633522634667403,-0.15268703150138951,0.25333702848652306
con2,Control,Resident Kupffer cell,274,1.8385283815119744,0.06252697456120787,-0.12620746963563093,1.40501193285265,-0.28646182264698805,-0.4327155897786487,-0.03266222147655648,0.6967533273512581,-0.2499771319719489,-0.015572591413688979,-0.11450741670012747,0.048036583676755146,0.9907321967456029,1.7733905124132494,0.42296537456559374,-0.02318051259218496,0.18204506515423077,0.37840967416899446,-0.01600518254453652,0.9187036851679613
con3,Control,Activated inflammatory neutrophil,62,-0.4593774460496964,-0.2418214890145707,1.4661467278997042,0.34457362754122406,1.195615088280238,1.520680129114151,-0.12039130030846633,-0.1580070484143004,1.489053729977493,0.38885901412575874,0.6076574697120759,-0.025591391361444164,0.5285817261662857,-0.3948580546159229,-0.04899306968596902,0.04651531260893006,0.016004768328376426,0.19296412092880308,-0.06462831851999745,-0.0922842759245687
con3,Control,Activated neutrophil,27,-0.49311414709153334,-0.45927806812923866,0.3102661091531715,0.1028177480238246,1.2261627814484455,0.16852790172734364,-0.3415821297766848,1.567324779501068,1.0145547011930993,-0.15335827524671883,0.10067410457306332,-0.14577819200235684,1.3969695052851698,-0.4205334624164268,-0.08374331900887337,-0.009969288844368892,0.014321409842471239,0.08151729806890712,-0.16203850219799934,-0.2625911172193127
con3,Control,Antigen-presenting macrophage / Mo-Mac,127,0.22892902206195134,0.6643999810546907,0.37187680875909357,1.1828962507361558,-0.37660653708713343,-0.06561382602849251,0.020476479089757332,1.9183415370195362,-0.11584179505454421,0.33177043708771947,-0.039679095674626935,0.1426136978680501,1.6773017250028657,0.17606668165686032,0.14166446951128558,0.06037431071565005,-0.008180528788530443,0.3605620154311392,-0.13858766912849926,0.4052450627810359
con3,Control,Antigen-presenting myeloid with lymphoid-like signal,18,0.17572199718111978,0.34263452080677304,-0.14427164438278117,0.6306327449987312,-0.4129111128027253,-0.5800765986876018,-0.031403625375029505,1.711049327458509,-0.35812529188430414,0.1407446816755376,-0.23974905166905275,0.04362122166556852,1.587531925551811,0.11640878323998598,0.0432705991822803,-0.020502416606194906,-0.03609234998425445,0.17811377119671054,0.5773932014781455,0.15921637024071295
con3,Control,CCR7+ DC-like antigen-presenting myeloid,6,-0.5363961151699399,-0.6171783061615908,0.12188793235018226,0.07872926419065582,-0.31901020558605386,-0.5113279312096153,-0.21281984157104455,2.4471595046589565,-0.23557265644498096,0.2391142147233931,-0.08972215286203826,-0.20294125609473843,2.007485722322282,-0.496004548819366,-0.0933049892960659,-0.0699017986068606,-0.02561832906513506,0.09394034405056939,0.12127022099178589,-0.3439901014336737
con3,Control,Cycling neutrophil,6,0.5884244319043573,0.44595056162731345,-0.4553883017082417,0.6872464772042279,0.9760609152614057,-0.8901224017941437,-0.20327486868593347,0.045630321913437695,0.40649493714349144,-0.2567910670642493,-0.29073143975842186,-0.09402523666415372,0.5286783022993932,0.6055423337595464,0.11382108705952486,0.03109427826018927,0.08916545007797008,0.4601437648112261,0.002950011606884197,0.41819629594134095
con3,Control,DC-like antigen-presenting myeloid,140,-0.6045816796424848,0.23562758564780978,-0.06914295037404135,0.10711353506555339,-0.4529800006383214,-0.6904019247947762,-0.22330705399632972,2.0631656362518545,-0.4135837835059514,-0.0017849694449003474,-0.1473335526059556,0.015378407078547882,1.6613615119215215,-0.5436406527348385,-0.08092705620829646,0.059522954464317775,-0.045658860683489726,0.21367157263318173,-0.1633997640622955,-0.24461447084792048
con3,Control,IFN-responsive inflammatory neutrophil,40,-0.44753494534918237,-0.30572557302959447,0.8662092225808733,0.1968459088808384,1.5638317206062204,0.9628588373381832,0.6790116544102374,-0.2093279706210728,1.5266273639188124,0.08783854565047444,0.38478797937469617,0.7071024182415286,0.5406516293991671,-0.3834127204733931,-0.061846044097220235,0.03333643820663031,0.0011693213432552392,0.06960518080206352,-0.035617230722166535,-0.18371102263783415
con3,Control,Inflammatory neutrophil,700,-0.45555250194514535,-0.20041940347694318,0.739576734326495,0.16527062699233977,1.7586266743408105,0.7645034478252513,-0.14810146897294818,-0.21101264722797916,1.5896221393325005,0.05363004428302389,0.31429940336700923,0.002442925974402259,0.43904606864659024,-0.39292443912189934,-0.055314744996398484,0.07479890125847975,-9.575130962678373e-4,0.06945381502384144,0.024655924060335746,-0.19159204735184787
con3,Control,Mature neutrophil,29,-0.4377032500323049,0.8431991554916752,-0.08529501478050054,0.2826357885624377,3.212309815224338,-0.10421241311115705,-0.1573140156071175,-0.1331480767308589,2.1518603479648037,-0.12408504740375129,-0.05621482052138275,0.021691615828729242,0.3866571434303178,-0.3795307994394755,-0.05541400615055083,0.2276735604852506,-0.018099098983389787,0.4027073931605032,-0.051981785791397256,0.06146754412064091
con3,Control,Monocyte-derived macrophage,32,-0.6117191727863952,1.5250758652977436,-0.08292149205823568,0.7417437207435748,-0.39325417417291175,-0.5585535236749242,-0.26279460815107325,-0.03943754362028535,-0.35648339934818046,-0.028802317257384916,-0.1462554615283171,0.009825378457591481,0.5123621359401574,-0.5159472961804346,-0.01669406198478539,0.1516733481116039,-0.044406613904684915,0.46811160263449003,-0.13658227967275482,-0.06688202209236796
con3,Control,Neutrophil with erythroid/ambient signal,5,-0.46157938009679905,0.09510535755591737,0.62665353252029,0.3863107369422526,1.7762383685044976,0.8465024460246525,-0.1995561098404143,0.09887545647758025,1.5280812271465132,0.01205433836548218,0.24635334205588655,-0.05974003527870574,0.5454359647091787,-0.3761710611130985,-0.09236203870526016,0.10557429373534032,0.010705841840512575,0.01425063550882344,0.034939484825019726,-0.12978567277454262
con3,Control,Possible doublet / hepatocyte ambient-contaminated neutrophil,131,-0.422043641306816,-0.14760193733505142,0.8115322694157956,0.30987213117668855,1.6523840365319418,0.7857386257439252,-0.1464267346308916,-0.1109622444990901,1.5209968495768773,0.07352622239510825,0.3389323284619342,0.004255775480546106,0.5010215422990016,-0.36587935705918,-0.0537497460912863,0.05123394139120278,0.0018088252401499214,0.08001856282213286,-0.020291334831410806,-0.1462878045229155
con3,Control,Rare injury-associated macrophage-like cells,2,0.9619026517130078,-0.011970462762024126,0.0941504506994606,1.0275715086380561,-0.5176251928498525,0.01001840854988345,-0.39653686337858607,0.5117825458816512,-0.27545436087968767,0.06940076028905998,-0.04628913774188925,-0.16116690612858436,0.9334667850442556,0.9107752359516348,0.2767123473098003,0.28459502640561385,0.18404808005724632,0.7139069241830351,-0.15537112111633972,0.12530203252760036
con3,Control,Resident Kupffer cell,350,2.0340758155621432,0.11853590774068734,-0.14813964366069376,1.5179602451910765,-0.30125440610648807,-0.4581430122955205,0.0017591682259762084,0.7149177980216656,-0.2908360185074773,-0.05996015514286983,-0.10147876285130904,0.09761466809585942,0.9848287831400635,1.9392599901618348,0.479439994631748,0.005342886818037598,0.229046667448755,0.42418803419700646,-0.09628017264297821,1.0586985514066303
