"axis","pathway_name","n_lr_pairs","mean_score_control","mean_score_apap","mean_delta","max_delta"
"Fibroblast / stellate -> Endothelial","APP",3,1.00711010507782,1.53357237708278,0.526462272004962,1.36223595106423
"Inflammatory neutrophil -> Endothelial","CD45",2,2.30545593980573,1.80409931320698,-0.501356626598749,0.0186665373904683
"Activated neutrophil -> Endothelial","CD45",2,2.11250255724131,1.61427944490135,-0.49822311233996,0.0140745549756039
"Fibroblast / stellate -> Kupffer cell","APP",3,2.59283442952727,3.01377166439922,0.420937234871951,1.27443516177096
"Neutrophil -> Endothelial","CD45",2,1.49575936324548,1.12252191227189,-0.37323745097359,0.00836820818080038
"Fibroblast / stellate -> Monocyte-derived macrophage / DC-like","APP",3,3.62759382052091,3.99521011110713,0.367616290586214,0.937643985961426
"Neutrophil -> Endothelial","APP",2,0.515909339344572,0.878138551357305,0.362229212012733,0.630902144488401
"Inflammatory neutrophil -> Endothelial","THBS",4,0.648907613307379,0.973879436733707,0.324971823426328,1.02356088968426
"Activated neutrophil -> Endothelial","SIRP",3,0.920030091305887,0.613351363199196,-0.306678728106691,0.0123147520132425
"Fibroblast / stellate -> Kupffer cell","COMPLEMENT",3,0.751472953393349,0.455078887403789,-0.296394065989561,-0.0159320878401014
"Fibroblast / stellate -> Endothelial","GAS",3,0.57947526528547,0.292660034861783,-0.286815230423687,-0.011410314038506
"Kupffer cell -> Endothelial","APP",3,0.572620894261227,0.858755674935623,0.286134780674396,0.738096849875179
"Fibroblast / stellate -> Monocyte-derived macrophage / DC-like","SPP1",1,0.617921422381543,0.878483482511059,0.260562060129515,0.260562060129515
"Fibroblast / stellate -> Kupffer cell","ApoA",1,0.795093305049034,0.542861993124283,-0.252231311924751,-0.252231311924751
"Kupffer cell -> Endothelial","CDH5",1,1.69796086133999,1.45770304483063,-0.240257816509354,-0.240257816509354
"Kupffer cell -> Inflammatory neutrophil","SPP1",1,1.45594713340832,1.22228768126391,-0.233659452144411,-0.233659452144411
"Monocyte-derived macrophage / DC-like -> T cell","MHC-II",8,0.612040946038089,0.403911383044314,-0.208129562993775,-0.036566423186491
"Monocyte-derived macrophage / DC-like -> T cell","SIRP",3,0.405717181780443,0.205351796147742,-0.2003653856327,-0.104767211845591
"Monocyte-derived macrophage / DC-like -> NK cell","CypA",1,0.990412720063667,0.792283064877601,-0.198129655186067,-0.198129655186067
"Fibroblast / stellate -> Monocyte-derived macrophage / DC-like","FN1",3,0.339071858561874,0.537049409025941,0.197977550464067,0.377047449980366
"Activated neutrophil -> Endothelial","CypA",1,1.41239580610529,1.21513055431006,-0.197265251795232,-0.197265251795232
"Inflammatory neutrophil -> Endothelial","SIRP",3,1.0315961816916,0.836338276588112,-0.19525790510349,-0.0649196869439322
"Neutrophil -> Endothelial","THBS",4,1.12237468777092,0.928220278076931,-0.194154409693987,0.00860446496871459
"Kupffer cell -> Endothelial","CD45",2,1.32089468104381,1.12958415341727,-0.191310527626537,0.018180964462531
"Fibroblast / stellate -> Kupffer cell","FN1",3,0.454366896491998,0.643243910990211,0.188877014498213,0.308880551592341
"Neutrophil -> Endothelial","CypA",1,0.744508199279139,0.932140182419346,0.187631983140207,0.187631983140207
"Fibroblast / stellate -> Monocyte-derived macrophage / DC-like","COMPLEMENT",4,0.358458837067336,0.180988250316587,-0.17747058675075,-0.00339749887518053
"Fibroblast / stellate -> Endothelial","CD34",1,0.279732449343388,0.455662447037643,0.175929997694255,0.175929997694255
"Fibroblast / stellate -> Kupffer cell","CD45",2,0.433431152028856,0.605952058258762,0.172520906229906,0.312847362066926
"Fibroblast / stellate -> Endothelial","THBS",14,0.36111263592025,0.192682832730354,-0.168429803189896,0.00521357322135002
"Fibroblast / stellate -> Monocyte-derived macrophage / DC-like","ICAM",2,0.0932422940741572,0.258417353991192,0.165175059917035,0.230926804314324
"Fibroblast / stellate -> Kupffer cell","ICAM",2,0.115924994061702,0.278144684521067,0.162219690459365,0.306316847507565
"Fibroblast / stellate -> Kupffer cell","ANNEXIN",2,0.634585255310726,0.475321374384219,-0.159263880926507,0.00208606327450145
"Fibroblast / stellate -> Kupffer cell","SPP1",1,0.966807412271165,1.12348631569667,0.156678903425501,0.156678903425501
"Fibroblast / stellate -> Monocyte-derived macrophage / DC-like","CypA",1,1.56894337959624,1.4129711097902,-0.155972269806042,-0.155972269806042
"Kupffer cell -> Inflammatory neutrophil","CCL",15,0.728662691358346,0.879017808455911,0.150355117097566,1.03313030255765
"Fibroblast / stellate -> Endothelial","PROS",2,0.256701268497865,0.106433797195493,-0.150267471302372,-0.0123293624742373
"Inflammatory neutrophil -> Endothelial","APP",2,0.578978990392681,0.728531928428168,0.149552938035487,0.23437769494478
"Monocyte-derived macrophage / DC-like -> NK cell","SIRP",3,0.400759848479265,0.251355873084703,-0.149403975394562,-0.065224348814532
"Kupffer cell -> Endothelial","PECAM2",1,0.505236022209593,0.356926733965544,-0.148309288244049,-0.148309288244049
"Inflammatory neutrophil -> Endothelial","SELL",2,0.518333448871853,0.370074254488797,-0.148259194383056,-0.0260712496046547
"Fibroblast / stellate -> Kupffer cell","MK",4,0.276422723145126,0.423216806195148,0.146794083050022,0.234209249176158
"Kupffer cell -> Endothelial","GALECTIN",4,0.295360873707476,0.441827163650346,0.146466289942869,0.2946933307288
"Activated neutrophil -> Endothelial","ADGRE",3,0.249129096230743,0.105266728251887,-0.143862367978856,-0.0228768202678219
"Kupffer cell -> Inflammatory neutrophil","SELPLG",2,0.551812105751102,0.409580642901039,-0.142231462850064,-0.0210053727765597
"Kupffer cell -> Endothelial","ApoA",1,0.318733848264278,0.177877339584541,-0.140856508679737,-0.140856508679737
"Activated neutrophil -> Endothelial","SELL",2,0.545166237979247,0.411763054845918,-0.133403183133328,-0.0150356624131498
"Fibroblast / stellate -> Monocyte-derived macrophage / DC-like","COLLAGEN",37,0.399794813715287,0.530767466288012,0.130972652572725,0.948549874428668
"Kupffer cell -> Neutrophil","CD52",1,0.2585605225915,0.128339027033781,-0.130221495557719,-0.130221495557719
"Kupffer cell -> Neutrophil","VTN",1,0.184011258881432,0.0586556765080248,-0.125355582373407,-0.125355582373407
"Neutrophil -> Endothelial","ApoA",1,0.269661206564468,0.146286452809806,-0.123374753754662,-0.123374753754662
"Kupffer cell -> Neutrophil","APP",3,1.03844528010013,1.15947721004561,0.121031929945478,0.201772367880925
"Inflammatory neutrophil -> Endothelial","ApoA",1,0.304482683262757,0.183749055793388,-0.120733627469369,-0.120733627469369
"Fibroblast / stellate -> Endothelial","ESAM",1,0.284146009571194,0.404819633120409,0.120673623549215,0.120673623549215
"Fibroblast / stellate -> Kupffer cell","PROS",2,0.616691422298939,0.500383416891949,-0.11630800540699,-0.102186511057859
"Activated neutrophil -> Endothelial","APP",2,0.386976703029687,0.503163737603529,0.116187034573842,0.186568085688733
"Kupffer cell -> Inflammatory neutrophil","CXCL",10,0.134335857471044,0.24840131648064,0.114065459009596,1.13491926676276
"Fibroblast / stellate -> Endothelial","CypA",1,1.47642062297106,1.58851188245391,0.112091259482845,0.112091259482845
"Activated neutrophil -> Endothelial","THBS",4,0.567362075176844,0.677955793260925,0.110593718084081,0.478260751429612
"Fibroblast / stellate -> Monocyte-derived macrophage / DC-like","SELPLG",1,0.136036433404156,0.245906846604606,0.109870413200449,0.109870413200449
"Fibroblast / stellate -> Endothelial","VEGF",8,0.295079618890122,0.188185041696901,-0.106894577193221,0.124684263275119
"Fibroblast / stellate -> Kupffer cell","COLLAGEN",35,0.566034506759452,0.671909654956364,0.105875148196912,0.789320395034862
"Fibroblast / stellate -> Monocyte-derived macrophage / DC-like","ApoA",1,0.215792744278274,0.110793063817516,-0.104999680460758,-0.104999680460758
"Monocyte-derived macrophage / DC-like -> T cell","CD52",1,0.128772300416289,0.0251210425389326,-0.103651257877356,-0.103651257877356
"Monocyte-derived macrophage / DC-like -> T cell","CXCL",6,0.230973166436981,0.132876569039172,-0.0980965973978093,0.0223348968469459
"Kupffer cell -> Inflammatory neutrophil","GRN",1,0.248703407097764,0.151817059632902,-0.0968863474648623,-0.0968863474648623
"Fibroblast / stellate -> Monocyte-derived macrophage / DC-like","MK",4,0.23828073599848,0.335007540814331,0.0967268048158515,0.214641474296261
"Activated neutrophil -> Endothelial","PECAM1",1,0.481935332964609,0.57814967355745,0.0962143405928403,0.0962143405928403
"Monocyte-derived macrophage / DC-like -> NK cell","CXCL",6,0.215066668137845,0.119020968811485,-0.0960456993263604,0.0388868046744009
"Inflammatory neutrophil -> Endothelial","TNF",1,0.210512173663759,0.114690914206462,-0.0958212594572964,-0.0958212594572964
"Monocyte-derived macrophage / DC-like -> NK cell","CLEC",12,0.330832614656934,0.235886817925279,-0.0949457967316544,0.0107764715303367
"Monocyte-derived macrophage / DC-like -> T cell","CypA",1,0.843144968373321,0.748373031708164,-0.0947719366651568,-0.0947719366651568
"Kupffer cell -> Inflammatory neutrophil","FN1",1,0.168084940123647,0.0733949500820591,-0.0946899900415878,-0.0946899900415878
"Kupffer cell -> Endothelial","ESAM",1,0.150329513605548,0.0592160704207356,-0.0911134431848123,-0.0911134431848123
"Kupffer cell -> Inflammatory neutrophil","GALECTIN",5,0.778911995551506,0.869901410603067,0.0909894150515613,0.195765157464797
"Fibroblast / stellate -> Kupffer cell","CypA",1,1.84383644408452,1.75316118663842,-0.0906752574460952,-0.0906752574460952
"Neutrophil -> Endothelial","CD52",1,0.0526721556185352,0.143288118407584,0.0906159627890485,0.0906159627890485
"Kupffer cell -> Inflammatory neutrophil","APP",3,1.11922081376636,1.20957472051807,0.0903539067517086,0.356412028174548
"Kupffer cell -> Neutrophil","CypA",1,0.448291362359206,0.537211112824492,0.0889197504652854,0.0889197504652854
"Activated neutrophil -> Endothelial","LIGHT",1,0.121933596033127,0.0341512633563491,-0.087782332676778,-0.087782332676778
"Kupffer cell -> Endothelial","JAM",3,0.13844199614926,0.050869521174507,-0.0875724749747525,-0.0457148627038811
"Activated neutrophil -> Endothelial","CXCL",5,0.0567346292727527,0.1388451322603,0.0821105029875472,0.315176171915647
"Fibroblast / stellate -> Kupffer cell","ADGRE",4,0.437369551613287,0.356362110524008,-0.0810074410892786,0.0937639455373317
"Kupffer cell -> Neutrophil","PLAU",1,0.0926064467473319,0.011746666781973,-0.0808597799653589,-0.0808597799653589
"Fibroblast / stellate -> Endothelial","ApoA",1,0.250203958937214,0.170010725500209,-0.0801932334370046,-0.0801932334370046
"Kupffer cell -> Inflammatory neutrophil","VTN",1,0.137478416975275,0.0580293193354858,-0.0794490976397892,-0.0794490976397892
"Fibroblast / stellate -> Kupffer cell","CCL",11,0.157033888628507,0.0783753397993604,-0.0786585488291468,0.0816922859352761
"Fibroblast / stellate -> Endothelial","ADGRE",4,0.181513103951336,0.103672312555106,-0.0778407913962297,0.00878869121999669
"Activated neutrophil -> Endothelial","PECAM2",1,0.375291748319105,0.298512954484673,-0.0767787938344311,-0.0767787938344311
"Inflammatory neutrophil -> Endothelial","CD52",1,0.0529499694573326,0.129242724045577,0.0762927545882441,0.0762927545882441
"Kupffer cell -> Neutrophil","GALECTIN",5,0.548077603482894,0.624149802138023,0.0760721986551297,0.119703900035852
"Neutrophil -> Endothelial","TNF",1,0.186562344152652,0.110614117717575,-0.0759482264350769,-0.0759482264350769
"Kupffer cell -> Endothelial","GAS",2,0.120525857288147,0.0450792679220835,-0.0754465893660638,-0.0068645563336978
"Monocyte-derived macrophage / DC-like -> T cell","ApoA",1,0.110984708763443,0.0356663352225969,-0.0753183735408456,-0.0753183735408456
"Kupffer cell -> Endothelial","ADGRG",1,0.32466999847326,0.399103870950084,0.0744338724768245,0.0744338724768245
"Inflammatory neutrophil -> Endothelial","CXCL",5,0.0832388214812151,0.156986182366502,0.0737473608852869,0.317219711762379
"Activated neutrophil -> Endothelial","CD52",1,0.0546082422786196,0.127591940908768,0.0729836986301485,0.0729836986301485
"Fibroblast / stellate -> Endothelial","KLK",2,0.124584567355267,0.0537180679220153,-0.0708664994332512,-0.00345619269544235
"Monocyte-derived macrophage / DC-like -> NK cell","SEMA4",1,0.118296273351004,0.0477413233973848,-0.0705549499536189,-0.0705549499536189
"Kupffer cell -> Neutrophil","SPP1",1,0.873822792128416,0.804423251235748,-0.0693995408926684,-0.0693995408926684
"Fibroblast / stellate -> Kupffer cell","TENASCIN",3,0.0536594191530548,0.122404198547389,0.0687447793943347,0.208888963446835
"Fibroblast / stellate -> Kupffer cell","THBS",13,0.271149405791504,0.203278437790358,-0.0678709680011455,0.0506232016152674
"Fibroblast / stellate -> Monocyte-derived macrophage / DC-like","CX3C",1,0.0736030996246754,0.00594675442267977,-0.0676563452019957,-0.0676563452019957
"Kupffer cell -> Endothelial","CD52",1,0.0316313459570078,0.0989741825778983,0.0673428366208904,0.0673428366208904
"Neutrophil -> Endothelial","GAS",1,0.103121727101262,0.0366835275721133,-0.0664381995291486,-0.0664381995291486
"Neutrophil -> Endothelial","ADGRE",3,0.125800314432174,0.0597691427676472,-0.0660311716645264,-0.0070125237383421
"Monocyte-derived macrophage / DC-like -> T cell","SEMA4",1,0.0982142380187978,0.0321848994697687,-0.0660293385490291,-0.0660293385490291
"Fibroblast / stellate -> Endothelial","ANGPTL",8,0.172845351833702,0.106881118432962,-0.0659642334007397,0.0229395406876539
"Fibroblast / stellate -> Endothelial","HSPG",1,0.119344758445911,0.185123388061981,0.0657786296160704,0.0657786296160704
"Fibroblast / stellate -> Kupffer cell","ANGPTL",9,0.309221907084923,0.243615934737048,-0.0656059723478755,0.0734777401973093
"Inflammatory neutrophil -> Endothelial","JAM",3,0.0696186709551901,0.00546311800243842,-0.0641555529527517,-0.04155324401831
"Monocyte-derived macrophage / DC-like -> T cell","CLEC",6,0.182841952860858,0.119544962023763,-0.0632969908370948,0.00731063315265339
"Neutrophil -> Endothelial","VEGF",2,0.107975364383712,0.170147974710357,0.0621726103266447,0.0959161824828741
"Monocyte-derived macrophage / DC-like -> NK cell","SELPLG",2,0.210919205380886,0.272608681428966,0.06168947604808,0.134481425236232
"Kupffer cell -> Endothelial","MPZ",1,0.0380303473719581,0.0996538846863848,0.0616235373144267,0.0616235373144267
"Kupffer cell -> Endothelial","PROS",2,0.110882874370437,0.049342241308818,-0.0615406330616187,-0.00458534927232973
"Fibroblast / stellate -> Endothelial","GALECTIN",4,0.184177442203495,0.245539190456682,0.0613617482531867,0.143399097162195
"Neutrophil -> Endothelial","SELL",2,0.243334787753674,0.182082223671123,-0.0612525640825505,-0.00765009715014531
"Inflammatory neutrophil -> Endothelial","CypA",1,0.570630673959932,0.631592161278828,0.0609614873188966,0.0609614873188966
"Inflammatory neutrophil -> Endothelial","GALECTIN",4,0.169637108966786,0.229400769231434,0.0597636602646476,0.13645003206991
"Monocyte-derived macrophage / DC-like -> NK cell","CD45",2,0.109685348039201,0.0502018925686833,-0.0594834554705181,-0.0401266833506658
"Kupffer cell -> Neutrophil","MHC-II",5,0.0971002662016133,0.0380952669365055,-0.0590049992651078,-0.0257819401305733
"Fibroblast / stellate -> Monocyte-derived macrophage / DC-like","ADGRE",4,0.278808884370707,0.220002848882933,-0.0588060354877739,0.0466995726430857
"Kupffer cell -> Endothelial","ANGPTL",3,0.0897497062441207,0.0310420713340857,-0.058707634910035,-0.0112737565943452
"Neutrophil -> Endothelial","CDH5",1,0.0797746769217602,0.0211217756866233,-0.0586529012351368,-0.0586529012351368
"Kupffer cell -> Inflammatory neutrophil","PLAU",1,0.0691880908696561,0.0116212294938819,-0.0575668613757741,-0.0575668613757741
"Fibroblast / stellate -> Monocyte-derived macrophage / DC-like","IGFBP",1,0.513409087346961,0.570497036629535,0.0570879492825743,0.0570879492825743
"Kupffer cell -> Endothelial","GRN",1,0.105839108271768,0.162060098955384,0.0562209906836164,0.0562209906836164
"Kupffer cell -> Neutrophil","SELPLG",2,0.257366284905537,0.202262716254352,-0.0551035686511847,-0.00432018117771486
"Kupffer cell -> Neutrophil","MHC-I",17,0.0301437598689461,0.0849997954304857,0.0548560355615397,0.209422421586822
"Activated neutrophil -> Endothelial","ApoA",1,0.189444901077878,0.134934860313006,-0.0545100407648713,-0.0545100407648713
"Kupffer cell -> Endothelial","CypA",1,1.23703128771986,1.29122352772175,0.0541922400018884,0.0541922400018884
"Fibroblast / stellate -> Monocyte-derived macrophage / DC-like","THBS",13,0.195207532716105,0.141377886601722,-0.0538296461143831,0.0167355702699851
"Fibroblast / stellate -> Kupffer cell","HSPG",1,0.0458209372140207,0.0987118308825963,0.0528908936685757,0.0528908936685757
"Fibroblast / stellate -> Kupffer cell","GALECTIN",5,0.396548323387812,0.449377143679269,0.0528288202914571,0.0924236567480938
"Kupffer cell -> Neutrophil","FN1",1,0.10088034676764,0.048303362027051,-0.0525769847405889,-0.0525769847405889
"Fibroblast / stellate -> Monocyte-derived macrophage / DC-like","CD52",1,0.162517470821021,0.110378032517229,-0.0521394383037924,-0.0521394383037924
"Inflammatory neutrophil -> Endothelial","LIGHT",1,0.103567831209149,0.0522325482832915,-0.0513352829258578,-0.0513352829258578
"Inflammatory neutrophil -> Endothelial","CDH5",1,0.0783459979516181,0.0277201266522375,-0.0506258712993806,-0.0506258712993806
"Neutrophil -> Endothelial","ANNEXIN",2,0.0590961193524961,0.108926597108662,0.0498304777561654,0.0888480366441835
"Fibroblast / stellate -> Endothelial","JAM",4,0.190706768218592,0.141436644910278,-0.0492701233083132,-0.0305171683629595
"Monocyte-derived macrophage / DC-like -> T cell","CCL",13,0.190664962112711,0.141727458739765,-0.0489375033729462,0.0523657300662375
"Fibroblast / stellate -> Endothelial","SPP1",1,0.0797040515026595,0.128105200295997,0.0484011487933374,0.0484011487933374
"Kupffer cell -> Neutrophil","CXCL",9,0.0879320700991845,0.136023756834953,0.0480916867357683,0.518975023766468
"Kupffer cell -> Neutrophil","BST2",1,0.0848541542464615,0.0370769085290103,-0.0477772457174512,-0.0477772457174512
"Activated neutrophil -> Endothelial","GAS",1,0.0794888695470848,0.0317317830539184,-0.0477570864931664,-0.0477570864931664
"Monocyte-derived macrophage / DC-like -> T cell","CD86",2,0.06331236799316,0.110960178358298,0.0476478103651384,0.0841567052632068
"Monocyte-derived macrophage / DC-like -> NK cell","ApoA",1,0.103234707786571,0.0567130063543928,-0.0465217014321782,-0.0465217014321782
"Monocyte-derived macrophage / DC-like -> NK cell","FN1",2,0.173007661250724,0.127157116463174,-0.0458505447875497,-0.0181917886524496
"Fibroblast / stellate -> Monocyte-derived macrophage / DC-like","PROS",2,0.193736541463554,0.147947324973324,-0.0457892164902308,-0.0243299841534481
"Fibroblast / stellate -> Endothelial","IGF",1,0.12274674350703,0.168276813297792,0.0455300697907624,0.0455300697907624
"Monocyte-derived macrophage / DC-like -> T cell","CD45",2,0.0829268119746337,0.0375729627517626,-0.0453538492228711,-0.0257618312863207
"Activated neutrophil -> Endothelial","SPP1",1,0.0428001974361929,0.0880929463707482,0.0452927489345553,0.0452927489345553
"Monocyte-derived macrophage / DC-like -> T cell","IL16",1,0.0828972403371558,0.0378639531297051,-0.0450332872074506,-0.0450332872074506
"Fibroblast / stellate -> Monocyte-derived macrophage / DC-like","IGF",1,0.017592879113758,0.0624498494950093,0.0448569703812513,0.0448569703812513
"Kupffer cell -> Inflammatory neutrophil","ApoA",1,0.0792341377366904,0.0344127763738417,-0.0448213613628486,-0.0448213613628486
"Fibroblast / stellate -> Endothelial","ADGRA",1,0.133990954260249,0.0898371960891617,-0.0441537581710873,-0.0441537581710873
"Monocyte-derived macrophage / DC-like -> NK cell","MHC-II",8,0.106176799721522,0.062046728659954,-0.0441300710615681,-0.00760828312352629
"Kupffer cell -> Endothelial","GDF",1,0.138107039477549,0.0941046518452148,-0.0440023876323344,-0.0440023876323344
"Kupffer cell -> Inflammatory neutrophil","ADGRE",5,0.172244796906194,0.128789482002273,-0.0434553149039209,0.057700311124495
"Fibroblast / stellate -> Monocyte-derived macrophage / DC-like","GAS",2,0.649465847641108,0.606093581313965,-0.0433722663271432,-0.0245438626325137
"Fibroblast / stellate -> Endothelial","CD45",2,0.34616946301529,0.389476085422612,0.0433066224073226,0.0745570637285192
"Fibroblast / stellate -> Monocyte-derived macrophage / DC-like","LAMININ",14,0.164883806236554,0.207473651848827,0.0425898456122725,0.222327043155781
"Kupffer cell -> Endothelial","PECAM1",1,0.648804807672612,0.691283482428234,0.0424786747556224,0.0424786747556224
"Kupffer cell -> Inflammatory neutrophil","CypA",1,0.455163459826551,0.412718898361939,-0.0424445614646117,-0.0424445614646117
"Fibroblast / stellate -> Endothelial","MK",5,0.115572394839617,0.157924631367136,0.0423522365275184,0.197066602484766
"Inflammatory neutrophil -> Endothelial","PECAM2",1,0.0947239130441102,0.0527730216385925,-0.0419508914055176,-0.0419508914055176
"Kupffer cell -> Neutrophil","ANGPTL",1,0.0678494603068983,0.0260798984507329,-0.0417695618561655,-0.0417695618561655
"Fibroblast / stellate -> Endothelial","ANGPT",1,0.0656227117241767,0.0238946162621703,-0.0417280954620064,-0.0417280954620064
"Kupffer cell -> Neutrophil","ApoA",1,0.0619243571608776,0.0202404302443931,-0.0416839269164846,-0.0416839269164846
"Inflammatory neutrophil -> Endothelial","SELPLG",3,0.344212364938945,0.385840136207803,0.0416277712688581,0.153849338105689
"Neutrophil -> Endothelial","KLK",2,0.0790787413954916,0.037766011877301,-0.0413127295181906,0.019279192379038
"Fibroblast / stellate -> Endothelial","EDN",1,0.105726539090719,0.0650699564999838,-0.0406565825907352,-0.0406565825907352
"Inflammatory neutrophil -> Endothelial","GAS",1,0.0949615729514916,0.0547428525062164,-0.0402187204452753,-0.0402187204452753
"Fibroblast / stellate -> Endothelial","SELPLG",2,0.052586839202346,0.0921841254730132,0.0395972862706672,0.0409036324272073
"Fibroblast / stellate -> Monocyte-derived macrophage / DC-like","GALECTIN",5,0.423405544137727,0.462974696341403,0.0395691522036768,0.0973634634781195
"Monocyte-derived macrophage / DC-like -> T cell","ADGRE",3,0.0809217303886236,0.0415678984896208,-0.0393538318990028,-0.0091440427085532
"Kupffer cell -> Inflammatory neutrophil","ApoB",1,0.0554241431726798,0.0164866922258672,-0.0389374509468127,-0.0389374509468127
"Activated neutrophil -> Endothelial","GALECTIN",4,0.264886984182961,0.22631230458331,-0.0385746795996515,0.0354351070848438
"Monocyte-derived macrophage / DC-like -> NK cell","ADGRE",5,0.0706296325723645,0.0320730453701294,-0.0385565872022351,-0.00913973932002802
"Fibroblast / stellate -> Monocyte-derived macrophage / DC-like","HSPG",1,0.0241856132160182,0.0621746609683059,0.0379890477522877,0.0379890477522877
"Neutrophil -> Endothelial","JAM",3,0.0491489076277248,0.0112060605543408,-0.037942847073384,-0.0217681222530411
"Kupffer cell -> Endothelial","TNF",1,0.110645528043384,0.0727949870417678,-0.0378505410016164,-0.0378505410016164
"Fibroblast / stellate -> Monocyte-derived macrophage / DC-like","JAM",3,0.0809857844074716,0.0435195664635124,-0.0374662179439592,-0.0318598248145794
"Fibroblast / stellate -> Kupffer cell","IGFBP",1,0.394526071101383,0.431542789921473,0.0370167188200897,0.0370167188200897
"Monocyte-derived macrophage / DC-like -> NK cell","APP",3,0.598607871066696,0.635315888608607,0.0367080175419106,0.0705799383800349
"Kupffer cell -> Neutrophil","THBS",2,0.010014664622279,0.0465195291111247,0.0365048644888457,0.0621488663160556
"Kupffer cell -> Endothelial","THBS",5,0.0143349269309719,0.0508146592196933,0.0364797322887215,0.100928279760481
"Fibroblast / stellate -> Kupffer cell","SIRP",3,0.0111967577389038,0.0476229586221556,0.0364262008832518,0.0508253163983356
"Activated neutrophil -> Endothelial","CDH5",1,0.0136672236083891,0.0497709049230012,0.0361036813146121,0.0361036813146121
"Fibroblast / stellate -> Kupffer cell","CHEMERIN",1,0.492099137921369,0.528013677383231,0.0359145394618621,0.0359145394618621
"Activated neutrophil -> Endothelial","VEGF",3,0.13706697751211,0.101235177914388,-0.0358317995977218,0.00547168042931875
"Kupffer cell -> Neutrophil","LAIR1",1,0.053122306280975,0.0175566318289571,-0.0355656744520179,-0.0355656744520179
"Fibroblast / stellate -> Endothelial","ADGRG",7,0.207291230800552,0.171869952817347,-0.0354212779832048,0.00729121661581914
"Fibroblast / stellate -> Monocyte-derived macrophage / DC-like","PTN",3,0.121171204464893,0.0858115862599183,-0.0353596182049751,0.000210354739415726
"Fibroblast / stellate -> Endothelial","PECAM2",1,0.0788800778556458,0.0436700078846095,-0.0352100699710363,-0.0352100699710363
"Kupffer cell -> Inflammatory neutrophil","COLLAGEN",7,0.0546194041134987,0.019425476066105,-0.0351939280473937,0.00386076922267809
"Fibroblast / stellate -> Kupffer cell","ncWNT",1,0.0483965376030159,0.0133673205858059,-0.0350292170172099,-0.0350292170172099
"Kupffer cell -> Neutrophil","ApoB",1,0.052789545632304,0.0183100829942726,-0.0344794626380314,-0.0344794626380314
"Fibroblast / stellate -> Monocyte-derived macrophage / DC-like","TENASCIN",3,0.0888018876488179,0.123108677997262,0.0343067903484442,0.103813541974004
"Neutrophil -> Endothelial","GALECTIN",4,0.215645725996448,0.249870152639837,0.0342244266433893,0.117233094278422
"Fibroblast / stellate -> Monocyte-derived macrophage / DC-like","VTN",1,0.0439055663892208,0.0780958244760413,0.0341902580868205,0.0341902580868205
"Neutrophil -> Endothelial","PARs",4,0.0738020589691877,0.107706477584929,0.0339044186157415,0.165031711380471
"Inflammatory neutrophil -> Endothelial","FASLG",1,0.022402421486277,0.0561203587803795,0.0337179372941025,0.0337179372941025
"Fibroblast / stellate -> Monocyte-derived macrophage / DC-like","ANGPTL",9,0.162315128418918,0.128605556510845,-0.0337095719080724,0.0253929222784831
"Fibroblast / stellate -> Endothelial","FN1",3,0.0921419639834481,0.125545620697936,0.0334036567144879,0.0680917306750153
"Kupffer cell -> Neutrophil","COLLAGEN",4,0.051078524178045,0.0177856850866701,-0.0332928390913749,0.000711725629131389
"Fibroblast / stellate -> Kupffer cell","PTN",4,0.129021334396424,0.096170338280577,-0.032850996115847,0.0180389951818487
"Kupffer cell -> Neutrophil","CCL",12,0.545960593205281,0.513260483030927,-0.0327001101743538,0.206115593465396
"Neutrophil -> Endothelial","SPP1",1,0.0767235026588514,0.109286590891269,0.0325630882324175,0.0325630882324175
"Monocyte-derived macrophage / DC-like -> NK cell","CCL",13,0.23870976433051,0.206817134954685,-0.0318926293758249,0.0594706510967391
"Fibroblast / stellate -> Kupffer cell","SELPLG",1,0.0618681767200491,0.0937196343518815,0.0318514576318323,0.0318514576318323
"Kupffer cell -> Neutrophil","GRN",1,0.47667570564641,0.508327977731976,0.0316522720855657,0.0316522720855657
"Fibroblast / stellate -> Endothelial","IGFBP",1,0.149319024774083,0.117804243645675,-0.0315147811284081,-0.0315147811284081
"Activated neutrophil -> Endothelial","SELPLG",3,0.275870290014356,0.307326487133408,0.0314561971190521,0.121138814486542
"Kupffer cell -> Endothelial","VEGF",3,0.0423287308995631,0.0735393540821796,0.0312106231826166,0.0497572833441248
"Fibroblast / stellate -> Endothelial","EPHB",3,0.0611433081856264,0.0299684459390798,-0.0311748622465466,0.00639796597636581
"Fibroblast / stellate -> Endothelial","ICAM",2,0.0176214302637782,0.048300255801444,0.0306788255376658,0.0517726943066877
"Kupffer cell -> Neutrophil","CDH5",1,0.0428834905053271,0.0124988241475177,-0.0303846663578094,-0.0303846663578094
"Activated neutrophil -> Endothelial","ANGPTL",1,0,0.0300972344163334,0.0300972344163334,0.0300972344163334
"Fibroblast / stellate -> Monocyte-derived macrophage / DC-like","CXCL",5,0.181672895193069,0.151856269960107,-0.0298166252329628,0.0725129153191298
"Fibroblast / stellate -> Endothelial","SIRP",3,0.0131139233314588,0.0428976892664875,0.0297837659350287,0.0432470446437101
"Activated neutrophil -> Endothelial","KLK",2,0.0493332907775964,0.020002962576433,-0.0293303282011634,0.0094757420188083
"Kupffer cell -> Endothelial","SPP1",1,0.0933710537800792,0.122618651639654,0.0292475978595746,0.0292475978595746
"Kupffer cell -> Inflammatory neutrophil","IGF",1,0.328722174322643,0.29953795390458,-0.0291842204180627,-0.0291842204180627
"Kupffer cell -> Inflammatory neutrophil","CD45",2,0.0819666947444339,0.0528542218249334,-0.0291124729195005,-0.0033980739768919
"Fibroblast / stellate -> Endothelial","FASLG",1,0.0325352138304544,0.0615936870550476,0.0290584732245932,0.0290584732245932
"Activated neutrophil -> Endothelial","MHC-II",8,0.0565630886128382,0.0278652506964585,-0.0286978379163797,-0.00734334574440869
"Neutrophil -> Endothelial","CXCL",2,0.0480094159604031,0.0764338710167025,0.0284244550562995,0.0649489554777876
"Kupffer cell -> Inflammatory neutrophil","ANGPTL",2,0.0413841184324641,0.0130239216542749,-0.0283601967781892,-0.00693339716556579
"Fibroblast / stellate -> Kupffer cell","BST2",1,0.0734653006862833,0.0451793414831914,-0.0282859592030919,-0.0282859592030919
"Fibroblast / stellate -> Endothelial","PTN",3,0.0865171146816328,0.0582504572961325,-0.0282666573855003,-0.00713462617997454
"Monocyte-derived macrophage / DC-like -> NK cell","ApoB",1,0.0316017323193877,0.00339847120640863,-0.0282032611129791,-0.0282032611129791
"Kupffer cell -> Inflammatory neutrophil","THBS",2,0.00754698277318675,0.0355831643104681,0.0280361815372813,0.0477089157441984
"Monocyte-derived macrophage / DC-like -> T cell","GALECTIN",5,0.552452839049251,0.57997216084795,0.0275193217986999,0.0660131362324036
"Fibroblast / stellate -> Endothelial","PARs",2,0.167290348853155,0.140141128390514,-0.0271492204626413,0.041677537861555
"Fibroblast / stellate -> Endothelial","GRN",1,0.0391134026939156,0.0659719133134937,0.0268585106195781,0.0268585106195781
"Kupffer cell -> Neutrophil","ANNEXIN",2,0.140099274309212,0.114127419146048,-0.0259718551631638,-0.0187529563605515
"Kupffer cell -> Inflammatory neutrophil","CDH5",1,0.0421154931480788,0.0164034025128227,-0.025712090635256,-0.025712090635256
"Kupffer cell -> Inflammatory neutrophil","CD52",1,0.0651565758487406,0.0905464717572152,0.0253898959084745,0.0253898959084745
"Kupffer cell -> Endothelial","EPHB",2,0.0359455953838454,0.0106027997654519,-0.0253427956183934,-0.0118885780157867
"Fibroblast / stellate -> Monocyte-derived macrophage / DC-like","SIRP",3,0.00942116277208293,0.0346498602846427,0.0252286975125598,0.0359127644581709
"Monocyte-derived macrophage / DC-like -> NK cell","TNF",2,0.0571106220132668,0.031900413312536,-0.0252102087007307,-0.0092154669403507
"Activated neutrophil -> Endothelial","LT",1,0.055685769557735,0.0307532107458758,-0.0249325588118592,-0.0249325588118592
"Monocyte-derived macrophage / DC-like -> T cell","THBS",3,0.140699590916803,0.115999879479495,-0.0246997114373081,0.00589945812931586
"Monocyte-derived macrophage / DC-like -> NK cell","CD86",1,0.0284557414031929,0.0529833819202228,0.0245276405170299,0.0245276405170299
"Fibroblast / stellate -> Monocyte-derived macrophage / DC-like","CSF",2,0.249488503684955,0.225076994907299,-0.0244115087776564,0.0104394596415934
"Neutrophil -> Endothelial","SEMA3",1,0.0251603226360163,0.00103378458891113,-0.0241265380471052,-0.0241265380471052
"Activated neutrophil -> Endothelial","SEMA4",3,0.0681255423417818,0.0440922323469398,-0.024033309994842,0.00522376424745134
"Monocyte-derived macrophage / DC-like -> T cell","FN1",3,0.0984796034784305,0.0744766844418231,-0.0240029190366074,-0.000320887195169626
"Neutrophil -> Endothelial","SELPLG",3,0.138530891656458,0.162404052928639,0.0238731612721809,0.0700002299969355
"Kupffer cell -> Endothelial","KIT",1,0.0304601123295155,0.00675471973583896,-0.0237053925936765,-0.0237053925936765
"Inflammatory neutrophil -> Endothelial","RESISTIN",2,0.0423185227946063,0.0187491770292163,-0.02356934576539,-0.0142618107528711
"Fibroblast / stellate -> Monocyte-derived macrophage / DC-like","CCL",13,0.197711067510641,0.174174304717214,-0.0235367627934274,0.122314899069394
"Fibroblast / stellate -> Monocyte-derived macrophage / DC-like","ApoB",1,0.0309193216087184,0.00748680993557448,-0.0234325116731439,-0.0234325116731439
"Fibroblast / stellate -> Kupffer cell","CLEC",4,0.0372225083611535,0.0140049927602692,-0.0232175156008842,-0.00497031147283414
"Activated neutrophil -> Endothelial","SEMA7",1,0.035652426921645,0.0130020297912082,-0.0226503971304368,-0.0226503971304368
"Neutrophil -> Endothelial","PECAM2",1,0.0954178258105031,0.0730742858936032,-0.0223435399168999,-0.0223435399168999
"Kupffer cell -> Endothelial","ADGRE",5,0.0645737779089858,0.0423640520540211,-0.0222097258549647,0.0180472313310049
"Fibroblast / stellate -> Endothelial","ANNEXIN",2,0.0190918736705767,0.0408564638209628,0.0217645901503862,0.0350950387175149
"Fibroblast / stellate -> Monocyte-derived macrophage / DC-like","ADGRA",1,0.0290150628145807,0.00745478066192456,-0.0215602821526561,-0.0215602821526561
"Fibroblast / stellate -> Endothelial","AGRN",1,0.0388607126113529,0.0602460634019305,0.0213853507905776,0.0213853507905776
"Kupffer cell -> Endothelial","LT",1,0.0234996646466793,0.00218491314031422,-0.0213147515063651,-0.0213147515063651
"Monocyte-derived macrophage / DC-like -> NK cell","MHC-I",21,0.207594125440588,0.186304482616014,-0.0212896428245732,0.115149690047878
"Fibroblast / stellate -> Endothelial","CD52",1,0.0148165323063451,0.0360812287329972,0.0212646964266521,0.0212646964266521
"Kupffer cell -> Inflammatory neutrophil","ANNEXIN",2,0.087752266305816,0.0669553445462555,-0.0207969217595605,-0.0166129249225036
"Kupffer cell -> Endothelial","KLK",2,0.0485304340907988,0.0281035879830966,-0.0204268461077021,-0.0063773254900607
"Kupffer cell -> Inflammatory neutrophil","LAIR1",1,0.0464036085753036,0.0259787417968576,-0.020424866778446,-0.020424866778446
"Fibroblast / stellate -> Kupffer cell","CXCL",4,0.103897982477367,0.124111085120312,0.0202131026429455,0.0439768376897904
"Fibroblast / stellate -> Kupffer cell","JAM",4,0.0362262735764944,0.0160614977730905,-0.0201647758034039,-0.00893969563806525
"Monocyte-derived macrophage / DC-like -> T cell","TNF",2,0.0381767146569775,0.0184150881275267,-0.0197616265294508,-0.0153711742789322
"Kupffer cell -> Endothelial","MIF",1,0.0783417535277405,0.0980741297851202,0.0197323762573797,0.0197323762573797
"Inflammatory neutrophil -> Endothelial","PECAM1",1,0.121640832171476,0.102208982138358,-0.0194318500331177,-0.0194318500331177
"Kupffer cell -> Inflammatory neutrophil","BST2",1,0.0741221388020085,0.0548631105718234,-0.0192590282301851,-0.0192590282301851
"Inflammatory neutrophil -> Endothelial","ADGRE",3,0.057122890360589,0.0378845371603447,-0.0192383532002443,0.0148010889264684
"Fibroblast / stellate -> Endothelial","GDF",1,0.0191450806691306,0,-0.0191450806691306,-0.0191450806691306
"Neutrophil -> Endothelial","PECAM1",1,0.122531928449552,0.141527775931076,0.0189958474815239,0.0189958474815239
"Fibroblast / stellate -> Monocyte-derived macrophage / DC-like","GRN",1,0.0703672266023861,0.0517974808491337,-0.0185697457532525,-0.0185697457532525
"Fibroblast / stellate -> Endothelial","LAMININ",13,0.065059757435965,0.0835528971440104,0.0184931397080454,0.0642179984145282
"Activated neutrophil -> Endothelial","CLEC",5,0.0399191735005781,0.0214917500260337,-0.0184274234745444,0.0108343662719074
"Fibroblast / stellate -> Kupffer cell","MHC-II",5,0.0426002589793554,0.024376828367803,-0.0182234306115524,-0.00364486210915734
"Kupffer cell -> Inflammatory neutrophil","CD86",2,0.0243612958041497,0.0425337089546497,0.0181724131505,0.0422374554470058
"Monocyte-derived macrophage / DC-like -> T cell","SELPLG",2,0.361278710452266,0.379417004764101,0.0181382943118359,0.0356120702041254
"Neutrophil -> Endothelial","IL4",1,0.0237555762997417,0.00571271684161623,-0.0180428594581255,-0.0180428594581255
"Activated neutrophil -> Endothelial","TNF",1,0.12073304806683,0.102693729726123,-0.0180393183407072,-0.0180393183407072
"Fibroblast / stellate -> Endothelial","SEMA3",2,0.0865087843390516,0.0685789860075907,-0.0179297983314609,0.00225773789789889
"Fibroblast / stellate -> Endothelial","CXCL",7,0.0460160715164606,0.0639118328599548,0.0178957613434943,0.0626812297568268
"Kupffer cell -> Endothelial","MHC-I",16,0.0556040770751878,0.0733774752889256,0.0177733982137378,0.0666427902808931
"Inflammatory neutrophil -> Endothelial","SEMA4",3,0.0673459990006107,0.0497423366816609,-0.0176036623189498,-0.00596699424260592
"Monocyte-derived macrophage / DC-like -> NK cell","PECAM2",1,0.0315694035340201,0.0139771845846609,-0.0175922189493593,-0.0175922189493593
"Neutrophil -> Endothelial","CLEC",2,0.0328074407859611,0.0152557318360311,-0.0175517089499301,-0.0047945447792551
"Kupffer cell -> Endothelial","CLEC",4,0.045331068139336,0.0278895385597444,-0.0174415295795916,0.0186862590076615
"Fibroblast / stellate -> Kupffer cell","GAS",2,2.0673436941256,2.04991321897063,-0.0174304751549615,0.0841169372031523
"Fibroblast / stellate -> Monocyte-derived macrophage / DC-like","MHC-I",17,0.0717741654292794,0.0543635642814128,-0.0174106011478666,0.0130944660432107
"Fibroblast / stellate -> Monocyte-derived macrophage / DC-like","CD200",2,0.0353815630764373,0.0181615185181986,-0.0172200445582387,-0.0071170418448356
"Fibroblast / stellate -> Kupffer cell","AGRN",1,0.0149200877847008,0.0321245158925161,0.0172044281078153,0.0172044281078153
"Inflammatory neutrophil -> Endothelial","SPP1",1,0.0838129948831928,0.100977670129477,0.0171646752462842,0.0171646752462842
"Monocyte-derived macrophage / DC-like -> T cell","SN",1,0.0301952065985938,0.0131638772617989,-0.017031329336795,-0.017031329336795
"Fibroblast / stellate -> Kupffer cell","CD200",2,0.0304436939081009,0.0134703041598012,-0.0169733897482997,-0.00711776764780499
"Fibroblast / stellate -> Kupffer cell","VEGF",6,0.0226167420852851,0.00574188314299224,-0.0168748589422928,-0.00766955105498576
"Monocyte-derived macrophage / DC-like -> NK cell","NECTIN",2,0.0246305511096452,0.00782554459900125,-0.016805006510644,-0.0120394900747298
"Fibroblast / stellate -> Endothelial","PECAM1",1,0.101294784007112,0.0845785766528084,-0.0167162073543032,-0.0167162073543032
"Fibroblast / stellate -> Endothelial","CLEC",4,0.035835095795005,0.0191357567509629,-0.0166993390440421,0.0124901133183575
"Fibroblast / stellate -> Endothelial","MHC-I",14,0.0480710742844581,0.0647018823145199,0.0166308080300618,0.0521973849909563
"Monocyte-derived macrophage / DC-like -> NK cell","GALECTIN",4,0.740058479569622,0.756663210871481,0.0166047313018591,0.0859274922957403
"Fibroblast / stellate -> Endothelial","COLLAGEN",34,0.117671129802098,0.134239778035439,0.0165686482333416,0.172199180700764
"Neutrophil -> Endothelial","SIRP",3,0.0599018027379968,0.0433778755122341,-0.0165239272257627,0.0160642830653183
"Inflammatory neutrophil -> Endothelial","EPHB",1,0.0165180628882317,0,-0.0165180628882317,-0.0165180628882317
"Kupffer cell -> Inflammatory neutrophil","ICAM",2,0.0911460181300143,0.0746607988328772,-0.0164852192971371,0.00253737606594346
"Activated neutrophil -> Endothelial","MHC-I",17,0.0603026258468372,0.0766115100423232,0.0163088841954861,0.0649771474511858
"Kupffer cell -> Endothelial","MHC-II",5,0.0435253842976438,0.027430324205819,-0.0160950600918248,-0.00755480446502944
"Fibroblast / stellate -> Kupffer cell","ApoB",1,0.0225496222216045,0.00651741950599839,-0.0160322027156061,-0.0160322027156061
"Monocyte-derived macrophage / DC-like -> T cell","CD39",1,0.0338388402229088,0.0498510954294704,0.0160122552065616,0.0160122552065616
"Neutrophil -> Endothelial","MK",1,0.0159575347926625,0,-0.0159575347926625,-0.0159575347926625
"Monocyte-derived macrophage / DC-like -> NK cell","SN",1,0.0318523874248732,0.0159052152307337,-0.0159471721941395,-0.0159471721941395
"Activated neutrophil -> Endothelial","CEACAM",1,0.0448162350188951,0.0288937421379779,-0.0159224928809172,-0.0159224928809172
"Fibroblast / stellate -> Endothelial","Netrin",2,0.0217159164980451,0.00604282599736795,-0.0156730905006772,-0.0103541582796712
"Inflammatory neutrophil -> Endothelial","ESAM",1,0.0488360807912046,0.0331681280454732,-0.0156679527457314,-0.0156679527457314
"Activated neutrophil -> Endothelial","ADGRG",1,0.0914593058978709,0.0757947417749522,-0.0156645641229187,-0.0156645641229187
"Activated neutrophil -> Endothelial","PROS",1,0.0191538413839465,0.00349273959396233,-0.0156611017899842,-0.0156611017899842
"Monocyte-derived macrophage / DC-like -> T cell","CD80",1,0.0325547039045087,0.0481946560119172,0.0156399521074084,0.0156399521074084
"Inflammatory neutrophil -> Endothelial","CEACAM",1,0.0523901945567597,0.0370522686702366,-0.0153379258865231,-0.0153379258865231
"Kupffer cell -> Inflammatory neutrophil","LT",1,0.0168572512734217,0.00188677422727763,-0.014970477046144,-0.014970477046144
"Kupffer cell -> Inflammatory neutrophil","GDF",1,0.0444807939509158,0.0298005477603964,-0.0146802461905194,-0.0146802461905194
"Activated neutrophil -> Endothelial","SEMA6",1,0.0203870438526117,0.0350598902383851,0.0146728463857734,0.0146728463857734
"Monocyte-derived macrophage / DC-like -> T cell","APP",3,0.57166718493452,0.557071018712725,-0.0145961662217956,0.0266961091626709
"Inflammatory neutrophil -> Endothelial","MHC-I",16,0.0543287712322568,0.0688863181082457,0.0145575468759888,0.065393048507736
"Fibroblast / stellate -> Endothelial","IL4",1,0.00687090195631472,0.0213907174516306,0.0145198154953159,0.0145198154953159
"Neutrophil -> Endothelial","ANGPTL",1,0,0.0144616802531555,0.0144616802531555,0.0144616802531555
"Fibroblast / stellate -> Monocyte-derived macrophage / DC-like","MHC-II",5,0.0412988697295293,0.0270550255133018,-0.0142438442162274,-0.00229238979723609
"Monocyte-derived macrophage / DC-like -> T cell","SPP1",1,0.345002868928036,0.330852105462191,-0.0141507634658449,-0.0141507634658449
"Inflammatory neutrophil -> Endothelial","ANGPTL",1,0.0334482760793946,0.0193745646399527,-0.0140737114394419,-0.0140737114394419
"Inflammatory neutrophil -> Endothelial","SEMA7",1,0.0318842344759267,0.0178871788046797,-0.013997055671247,-0.013997055671247
"Fibroblast / stellate -> Kupffer cell","ADGRL",1,0.0180244477420924,0.00411835310848326,-0.0139060946336092,-0.0139060946336092
"Kupffer cell -> Inflammatory neutrophil","JAM",1,0.0156290139902702,0.00180322641163512,-0.0138257875786351,-0.0138257875786351
"Fibroblast / stellate -> Monocyte-derived macrophage / DC-like","SEMA5",1,0.0149463404632444,0.028707814653287,0.0137614741900426,0.0137614741900426
"Monocyte-derived macrophage / DC-like -> T cell","ApoB",1,0.014446699508325,0.000798838930777607,-0.0136478605775474,-0.0136478605775474
"Fibroblast / stellate -> Monocyte-derived macrophage / DC-like","SEMA4",4,0.0332164564268225,0.0196748933478272,-0.0135415630789952,-0.0012562061408304
"Monocyte-derived macrophage / DC-like -> T cell","GDF",1,0.0631903742840371,0.0496940695569273,-0.0134963047271098,-0.0134963047271098
"Fibroblast / stellate -> Endothelial","MHC-II",3,0.0269600451694089,0.0134930159229161,-0.0134670292464928,-0.0121815482005844
"Monocyte-derived macrophage / DC-like -> T cell","ICAM",2,0.122810809853072,0.109359189814011,-0.0134516200390608,-0.00389788839522653
"Fibroblast / stellate -> Monocyte-derived macrophage / DC-like","CHEMERIN",1,0.240021794809219,0.25310721750221,0.0130854226929916,0.0130854226929916
"Monocyte-derived macrophage / DC-like -> NK cell","CEACAM",2,0.0390739337293832,0.0261112402580203,-0.0129626934713629,-0.00499029390590244
"Inflammatory neutrophil -> Endothelial","LT",1,0.0129046405091957,0,-0.0129046405091957,-0.0129046405091957
"Fibroblast / stellate -> Kupffer cell","ADGRA",1,0.012890215469879,0,-0.012890215469879,-0.012890215469879
"Fibroblast / stellate -> Kupffer cell","MHC-I",16,0.0635144392045225,0.0506564672930044,-0.0128579719115181,0.00465864375267696
"Fibroblast / stellate -> Monocyte-derived macrophage / DC-like","BAFF",2,0.025607897037042,0.0127524424612486,-0.0128554545757934,-0.00961585644981644
"Monocyte-derived macrophage / DC-like -> NK cell","PVR",2,0.0203666358100776,0.0332137504637257,0.0128471146536481,0.0219161747546458
"Kupffer cell -> Neutrophil","CEACAM",2,0.0364655236048409,0.0237689484852078,-0.0126965751196331,0.00339465202381828
"Fibroblast / stellate -> Monocyte-derived macrophage / DC-like","SELL",1,0.0637625658849768,0.0763499275419449,0.0125873616569681,0.0125873616569681
"Activated neutrophil -> Endothelial","MK",1,0,0.0125542115041649,0.0125542115041649,0.0125542115041649
"Kupffer cell -> Neutrophil","SAA",1,0.0125479565276596,0,-0.0125479565276596,-0.0125479565276596
"Kupffer cell -> Neutrophil","JAM",1,0.015678704586788,0.00313293229542678,-0.0125457722913612,-0.0125457722913612
"Kupffer cell -> Neutrophil","IL16",1,0.0144200119090415,0.00200670594112303,-0.0124133059679185,-0.0124133059679185
"Kupffer cell -> Neutrophil","PECAM1",2,0.366334709937609,0.378702251124093,0.0123675411864835,0.0191514821264586
"Fibroblast / stellate -> Monocyte-derived macrophage / DC-like","AGRN",1,0.00787525297931697,0.0202339564217352,0.0123587034424182,0.0123587034424182
"Fibroblast / stellate -> Endothelial","UNC5",2,0.0209998888300334,0.00896886649421102,-0.0120310223358224,-0.00846543436892767
"Monocyte-derived macrophage / DC-like -> T cell","NECTIN",2,0.0195556370507328,0.00757079937526635,-0.0119848376754664,-0.0109181511136856
"Activated neutrophil -> Endothelial","JAM",3,0.0362578822508328,0.0243147267534661,-0.0119431554973667,-0.00764240727468074
"Fibroblast / stellate -> Kupffer cell","MPZ",1,0.039260056478349,0.0510748397500321,0.011814783271683,0.011814783271683
"Fibroblast / stellate -> Endothelial","GAP",2,0.098641779501745,0.086941527784586,-0.011700251717159,-0.00909174136172913
"Neutrophil -> Endothelial","ANGPT",1,0,0.0116778959109413,0.0116778959109413,0.0116778959109413
"Monocyte-derived macrophage / DC-like -> T cell","CEACAM",3,0.0258597826500642,0.0142623502418414,-0.0115974324082228,-0.00521676911346747
"Monocyte-derived macrophage / DC-like -> NK cell","SPP1",1,0.419316547350708,0.407730690075037,-0.0115858572756707,-0.0115858572756707
"Monocyte-derived macrophage / DC-like -> NK cell","CD137",1,0.0400470509042453,0.0516145961946253,0.01156754529038,0.01156754529038
"Kupffer cell -> Endothelial","CADM",2,0.0501926420823185,0.061632865817873,0.0114402237355545,0.0133616811523198
"Fibroblast / stellate -> Kupffer cell","LAIR1",1,0.0117513895280447,0.00031453301157592,-0.0114368565164688,-0.0114368565164688
"Fibroblast / stellate -> Monocyte-derived macrophage / DC-like","PLAU",1,0.0144324185597446,0.0257867771807998,0.0113543586210552,0.0113543586210552
"Kupffer cell -> Endothelial","PTPRM",1,0.0535056818467793,0.0648037261684579,0.0112980443216786,0.0112980443216786
"Kupffer cell -> Endothelial","CCL",19,0.0496016171193384,0.0608741460976069,0.0112725289782685,0.232424541756092
"Fibroblast / stellate -> Kupffer cell","GDF",1,0.0111355745171426,0,-0.0111355745171426,-0.0111355745171426
"Fibroblast / stellate -> Endothelial","FLRT",1,0.019373543392963,0.00831858682857102,-0.011054956564392,-0.011054956564392
"Activated neutrophil -> Endothelial","NOTCH",1,0,0.0108602891581876,0.0108602891581876,0.0108602891581876
"Kupffer cell -> Inflammatory neutrophil","CEACAM",1,0.0171812729701125,0.0063347923733175,-0.010846480596795,-0.010846480596795
"Fibroblast / stellate -> Monocyte-derived macrophage / DC-like","CD45",2,0.107507011902784,0.118175643320359,0.0106686314175745,0.0195958531336144
"Activated neutrophil -> Endothelial","SEMA3",1,0,0.0106539692083179,0.0106539692083179,0.0106539692083179
"Neutrophil -> Endothelial","FASLG",1,0.0220085005304736,0.0326185680765163,0.0106100675460427,0.0106100675460427
"Fibroblast / stellate -> Monocyte-derived macrophage / DC-like","FGF",5,0.0185663020454213,0.0291708795627018,0.0106045775172805,0.0574724159411243
"Kupffer cell -> Endothelial","FASLG",1,0.0197854445020628,0.0303376674017267,0.0105522228996639,0.0105522228996639
"Fibroblast / stellate -> Endothelial","CD200",1,0.0179240960627942,0.00740888338325756,-0.0105152126795366,-0.0105152126795366
"Monocyte-derived macrophage / DC-like -> NK cell","CD39",1,0.0435628989988834,0.0539916321066494,0.010428733107766,0.010428733107766
"Neutrophil -> Endothelial","KIT",1,0.0137404086581604,0.00332255435968371,-0.0104178542984767,-0.0104178542984767
"Kupffer cell -> Neutrophil","PSAP",1,0.0104164138589091,0,-0.0104164138589091,-0.0104164138589091
"Neutrophil -> Endothelial","MHC-I",15,0.0408548776200528,0.05124086191405,0.0103859842939973,0.0541307693338752
"Fibroblast / stellate -> Endothelial","SEMA7",1,0.0157434065265132,0.00548162777977072,-0.0102617787467425,-0.0102617787467425
"Fibroblast / stellate -> Endothelial","VTN",1,0.0134075242509893,0.0236368855424652,0.0102293612914759,0.0102293612914759
"Fibroblast / stellate -> Kupffer cell","SEMA5",1,0.0274918928032275,0.0376979668236141,0.0102060740203866,0.0102060740203866
"Inflammatory neutrophil -> Endothelial","CLEC",2,0.032465838562751,0.022421415484093,-0.010044423078658,0.00992434662082992
"Fibroblast / stellate -> Endothelial","ADGRL",5,0.0506916255620714,0.0406993973463932,-0.00999222821567818,0.0101480504030504
"Kupffer cell -> Endothelial","CXCL",6,0.0408207788642403,0.0507797849880356,0.00995900612379529,0.0879648820489346
"Monocyte-derived macrophage / DC-like -> NK cell","MIF",1,0.0150549350960357,0.00512592365972254,-0.00992901143631315,-0.00992901143631315
"Kupffer cell -> Endothelial","IL4",1,0.016491752896943,0.00662420620618729,-0.00986754669075568,-0.00986754669075568
"Monocyte-derived macrophage / DC-like -> NK cell","JAM",1,0.0137790499313464,0.004005187752505,-0.00977386217884137,-0.00977386217884137
"Kupffer cell -> Endothelial","CEACAM",1,0.0182991360704287,0.0085391240576026,-0.00976001201282613,-0.00976001201282613
"Monocyte-derived macrophage / DC-like -> T cell","ICOS",3,0.0939481369421174,0.103651948642672,0.00970381170055437,0.0480826172072299
"Fibroblast / stellate -> Endothelial","FGF",8,0.0129678689923787,0.0226228889844264,0.00965501999204768,0.0418896446046582
"Neutrophil -> Endothelial","LIGHT",1,0.0209326707590427,0.011453324035861,-0.00947934672318171,-0.00947934672318171
"Activated neutrophil -> Endothelial","ESAM",1,0.02845601691775,0.0379201474088081,0.00946413049105807,0.00946413049105807
"Kupffer cell -> Inflammatory neutrophil","CLEC",5,0.0360197234063305,0.0454312599193383,0.00941153651300778,0.017015130689864
"Inflammatory neutrophil -> Endothelial","GAP",1,0.0101841160540649,0.00089903402756,-0.00928508202650494,-0.00928508202650494
"Fibroblast / stellate -> Kupffer cell","VTN",1,0.0163565703377041,0.0255566381734462,0.00920006783574203,0.00920006783574203
"Fibroblast / stellate -> Monocyte-derived macrophage / DC-like","CD34",1,0.0100419472690184,0.0190989270093277,0.00905697974030926,0.00905697974030926
"Activated neutrophil -> Endothelial","ICOS",1,0.021857284684932,0.0128224821177883,-0.00903480256714378,-0.00903480256714378
"Kupffer cell -> Inflammatory neutrophil","TNF",2,0.0585490331981631,0.0495253748175077,-0.00902365838065538,-0.00153870571163541
"Neutrophil -> Endothelial","NCAM",1,0.0221941639820851,0.0311735895233053,0.00897942554122018,0.00897942554122018
"Fibroblast / stellate -> Monocyte-derived macrophage / DC-like","TWEAK",1,0.0383044950650787,0.0293465058539107,-0.00895798921116799,-0.00895798921116799
"Kupffer cell -> Inflammatory neutrophil","CSF",1,0.00491168405462689,0.0138211091567454,0.00890942510211852,0.00890942510211852
"Inflammatory neutrophil -> Endothelial","PROS",1,0.0102303130810597,0.00135048580001314,-0.00887982728104656,-0.00887982728104656
"Activated neutrophil -> Endothelial","ADGRL",1,0.0102267544671373,0.00142595448334545,-0.00880079998379183,-0.00880079998379183
"Fibroblast / stellate -> Monocyte-derived macrophage / DC-like","VEGF",4,0.0149338034521771,0.0062564344835054,-0.00867736896867172,-0.00407210346881381
"Fibroblast / stellate -> Kupffer cell","IL4",1,0.00279033404173821,0.0114622799297342,0.00867194588799604,0.00867194588799604
"Fibroblast / stellate -> Monocyte-derived macrophage / DC-like","FLT3",1,0.0494736550482019,0.0580652617853185,0.00859160673711667,0.00859160673711667
"Monocyte-derived macrophage / DC-like -> NK cell","IL16",1,0.0143810046398388,0.00581646005647302,-0.00856454458336574,-0.00856454458336574
"Monocyte-derived macrophage / DC-like -> T cell","SELL",1,0.0178196272426896,0.00926592572963818,-0.00855370151305145,-0.00855370151305145
"Kupffer cell -> Neutrophil","CLEC",5,0.0451079434696451,0.0365853132653664,-0.00852263020427869,0.0142450814130875
"Neutrophil -> Endothelial","GRN",1,0.0237898555752519,0.0322736946426197,0.0084838390673678,0.0084838390673678
"Neutrophil -> Endothelial","MHC-II",3,0.0232914766349138,0.0149310608307526,-0.00836041580416126,-0.00517928830537147
"Activated neutrophil -> Endothelial","RESISTIN",1,0.0264525548847269,0.0181059053182302,-0.00834664956649672,-0.00834664956649672
"Kupffer cell -> Neutrophil","CD39",3,0.0165708544710859,0.00827269459946994,-0.00829815987161592,-0.000205448517556949
"Inflammatory neutrophil -> Endothelial","VTN",1,0.0145327873898312,0.00627830436918689,-0.00825448302064427,-0.00825448302064427
"Fibroblast / stellate -> Endothelial","TENASCIN",3,0.0642484728210048,0.0560088548026652,-0.0082396180183396,0.00263762905560722
"Neutrophil -> Endothelial","IL16",1,0.0128571060040371,0.00469911729814247,-0.0081579887058946,-0.0081579887058946
"Neutrophil -> Endothelial","ESAM",1,0.0206002218644222,0.0287517616656999,0.0081515398012777,0.0081515398012777
"Kupffer cell -> Neutrophil","CD86",2,0.0242522486404008,0.0323793980068577,0.0081271493664569,0.0148147378000175
"Kupffer cell -> Endothelial","SN",1,0.0178274584439998,0.0097597042655944,-0.00806775417840538,-0.00806775417840538
"Fibroblast / stellate -> Monocyte-derived macrophage / DC-like","NRXN",1,0.00910586254752786,0.0171358748189834,0.00803001227145553,0.00803001227145553
"Fibroblast / stellate -> Monocyte-derived macrophage / DC-like","ncWNT",1,0.03012572545619,0.0223719486268628,-0.00775377682932722,-0.00775377682932722
"Activated neutrophil -> Endothelial","CSF",1,0.020279839025681,0.028019684775702,0.00773984575002109,0.00773984575002109
"Fibroblast / stellate -> Kupffer cell","CEACAM",1,0.0156559303711319,0.00795717095783724,-0.00769875941329463,-0.00769875941329463
"Kupffer cell -> Inflammatory neutrophil","CD6",1,0.0091824785162099,0.0168383430307338,0.00765586451452388,0.00765586451452388
"Monocyte-derived macrophage / DC-like -> T cell","PARs",5,0.0207490075386832,0.0130974717912526,-0.00765153574743066,0.0047023558561112
"Fibroblast / stellate -> Kupffer cell","NOTCH",1,0.0115548593142695,0.0040204185160674,-0.00753444079820206,-0.00753444079820206
"Kupffer cell -> Endothelial","SELL",2,0.0767775772348248,0.0693123230708174,-0.00746525416400734,0.00410634568753267
"Inflammatory neutrophil -> Endothelial","IL16",1,0.0116100471234165,0.00418390838836034,-0.00742613873505615,-0.00742613873505615
"Neutrophil -> Endothelial","SEMA7",1,0.00871315609133151,0.0161208568715958,0.00740770078026433,0.00740770078026433
"Kupffer cell -> Inflammatory neutrophil","IL16",1,0.0109627848031252,0.00357633940729043,-0.0073864453958348,-0.0073864453958348
"Fibroblast / stellate -> Monocyte-derived macrophage / DC-like","ANNEXIN",2,0.119615243745492,0.112305941945015,-0.00730930180047654,0.0201664906809794
"Fibroblast / stellate -> Endothelial","CEACAM",1,0.0132802659007894,0.00599693111141935,-0.00728333478937009,-0.00728333478937009
"Fibroblast / stellate -> Monocyte-derived macrophage / DC-like","IL4",1,0.00314741410631448,0.0104178466335385,0.00727043252722406,0.00727043252722406
"Inflammatory neutrophil -> Endothelial","MHC-II",3,0.0187316809082474,0.0115445738494708,-0.00718710705877659,-0.0057366402552206
"Inflammatory neutrophil -> Endothelial","MIF",1,0.0342950858134158,0.0414407692022344,0.00714568338881862,0.00714568338881862
"Fibroblast / stellate -> Monocyte-derived macrophage / DC-like","SEMA3",1,0.0541597144864377,0.0470859322994664,-0.00707378218697127,-0.00707378218697127
"Inflammatory neutrophil -> Endothelial","AGRN",1,0.0111666055827929,0.018177184520728,0.00701057893793501,0.00701057893793501
"Monocyte-derived macrophage / DC-like -> NK cell","GDF",1,0.0467959206132605,0.0398488592440167,-0.00694706136924387,-0.00694706136924387
"Kupffer cell -> Endothelial","SEMA4",3,0.0239029530570648,0.0170263102430355,-0.00687664281402927,-0.00391720902341874
"Fibroblast / stellate -> Kupffer cell","SEMA4",4,0.0461892464193368,0.0393235543201712,-0.00686569209916566,0.018430529473357
"Activated neutrophil -> Endothelial","IL16",1,0.0142978869580403,0.0074908868527011,-0.00680700010533925,-0.00680700010533925
"Neutrophil -> Endothelial","CCL",10,0.035832797317427,0.0426375484533553,0.00680475113592826,0.110783252782023
"Kupffer cell -> Endothelial","COLLAGEN",2,0.0125212687022945,0.00576209636607484,-0.00675917233621968,-0.00513088262670121
"Neutrophil -> Endothelial","SEMA4",3,0.0429037118655038,0.0361462463512984,-0.00675746551420539,-0.00266817854014643
"Kupffer cell -> Inflammatory neutrophil","PECAM2",1,0.0194622959259043,0.0261668899931068,0.00670459406720256,0.00670459406720256
"Activated neutrophil -> Endothelial","CCL",12,0.05866765041142,0.0653187501812739,0.00665109976985393,0.172963074082
"Kupffer cell -> Neutrophil","GDF",1,0.0236397103280462,0.0171401266200272,-0.00649958370801891,-0.00649958370801891
"Monocyte-derived macrophage / DC-like -> NK cell","CD52",1,0.0796386749193829,0.0860302232959305,0.00639154837654762,0.00639154837654762
"Kupffer cell -> Endothelial","ANGPT",1,0.00832013365539475,0.0146636154550898,0.00634348179969508,0.00634348179969508
"Fibroblast / stellate -> Kupffer cell","CD34",1,0.0152041827895456,0.00892838529822909,-0.00627579749131652,-0.00627579749131652
"Fibroblast / stellate -> Kupffer cell","ESAM",1,0.0149727346234042,0.0087771839783134,-0.00619555064509083,-0.00619555064509083
"Inflammatory neutrophil -> Endothelial","ADGRG",1,0.0990880155509638,0.105270814846591,0.006182799295627,0.006182799295627
"Monocyte-derived macrophage / DC-like -> NK cell","PECAM1",1,0.0209842699081012,0.0148019879193647,-0.00618228198873645,-0.00618228198873645
"Monocyte-derived macrophage / DC-like -> T cell","PECAM2",1,0.0156168019415033,0.00946189542777331,-0.00615490651372999,-0.00615490651372999
"Fibroblast / stellate -> Monocyte-derived macrophage / DC-like","CEACAM",1,0.0100609065549741,0.00399481407386473,-0.00606609248110942,-0.00606609248110942
"Fibroblast / stellate -> Kupffer cell","IGF",1,0.0204931858669899,0.0264308530806368,0.00593766721364691,0.00593766721364691
"Fibroblast / stellate -> Endothelial","CHEMERIN",1,0.0197253990664148,0.0256575002728663,0.00593210120645147,0.00593210120645147
"Kupffer cell -> Inflammatory neutrophil","MHC-II",5,0.0738202804137086,0.0678931584266038,-0.0059271219871048,-0.00258009997623017
"Fibroblast / stellate -> Endothelial","TWEAK",1,0.0275789732997198,0.0216669348891857,-0.00591203841053416,-0.00591203841053416
"Fibroblast / stellate -> Endothelial","MIF",1,0.0784846258798235,0.0843884735704115,0.00590384769058805,0.00590384769058805
"Kupffer cell -> Neutrophil","TNF",1,0.0386212765306847,0.0327353802364704,-0.00588589629421435,-0.00588589629421435
"Activated neutrophil -> Endothelial","PARs",2,0.108641939831611,0.114474349642091,0.00583240981048077,0.0629183463284085
"Kupffer cell -> Endothelial","COMPLEMENT",1,0.00600584591900472,0.0118299568407042,0.00582411092169953,0.00582411092169953
"Fibroblast / stellate -> Endothelial","KIT",1,0.0415458539656074,0.0357632478580223,-0.00578260610758512,-0.00578260610758512
"Fibroblast / stellate -> Kupffer cell","LAMININ",19,0.19501269854935,0.200783210555974,0.00577051200662353,0.132443827243267
"Fibroblast / stellate -> Monocyte-derived macrophage / DC-like","NECTIN",1,0.00428811073489789,0.0100498466255826,0.00576173589068474,0.00576173589068474
"Fibroblast / stellate -> Kupffer cell","IL16",1,0.0105090475150109,0.00482686788876805,-0.00568217962624281,-0.00568217962624281
"Inflammatory neutrophil -> Endothelial","IL4",1,0.0193001780504088,0.0249717860308878,0.00567160798047897,0.00567160798047897
"Fibroblast / stellate -> Kupffer cell","TWEAK",1,0.0218615554883895,0.0162156497028431,-0.00564590578554643,-0.00564590578554643
"Fibroblast / stellate -> Kupffer cell","GAP",1,0.0083792284584011,0.0139670188427641,0.00558779038436295,0.00558779038436295
"Inflammatory neutrophil -> Endothelial","CSF",1,0.0291442237003757,0.0347179361530487,0.00557371245267295,0.00557371245267295
"Monocyte-derived macrophage / DC-like -> T cell","CD137",1,0.00532687363723786,0.0108791803255863,0.00555230668834842,0.00555230668834842
"Kupffer cell -> Neutrophil","SIRP",3,0.0562582784609284,0.0617933503826298,0.00553507192170139,0.015843922778163
"Monocyte-derived macrophage / DC-like -> T cell","KLK",1,0.0142289560995308,0.0087587335682021,-0.00547022253132871,-0.00547022253132871
"Kupffer cell -> Endothelial","VTN",1,0.0134455568814192,0.0080145816994577,-0.00543097518196153,-0.00543097518196153
"Monocyte-derived macrophage / DC-like -> T cell","PVR",1,0.0286394100679019,0.0340640623453849,0.00542465227748296,0.00542465227748296
"Kupffer cell -> Inflammatory neutrophil","MHC-I",16,0.0688975487781174,0.074228344620297,0.00533079584217961,0.0307161817006846
"Kupffer cell -> Neutrophil","SN",1,0.0478392245879,0.0425351041743165,-0.00530412041358348,-0.00530412041358348
"Fibroblast / stellate -> Endothelial","NRXN",2,0.031932921382812,0.026641351394162,-0.00529156998865007,0.00608840961616799
"Fibroblast / stellate -> Kupffer cell","TULP",3,0.0135163052090837,0.0187880991498384,0.00527179394075466,0.0128388101737715
"Kupffer cell -> Endothelial","NOTCH",1,0.0119354062215303,0.00671494554280188,-0.00522046067872844,-0.00522046067872844
"Fibroblast / stellate -> Monocyte-derived macrophage / DC-like","NCAM",2,0.0237545318744316,0.0289729689897787,0.00521843711534716,0.00917348299952769
"Fibroblast / stellate -> Endothelial","EPHA",2,0.0117667620469134,0.0169445196873935,0.00517775764048009,0.00544725090461303
"Kupffer cell -> Neutrophil","EGF",1,0.0100576573256307,0.0048935822225898,-0.00516407510304092,-0.00516407510304092
"Inflammatory neutrophil -> Endothelial","KLK",2,0.041528864941734,0.0465790424591826,0.00505017751744854,0.0212642373954015
"Inflammatory neutrophil -> Endothelial","MK",1,0.0137452215015024,0.0187720941083619,0.0050268726068595,0.0050268726068595
"Kupffer cell -> Endothelial","FN1",2,0.0125334867553296,0.00752492802936048,-0.00500855872596915,-0.00341651518321796
"Kupffer cell -> Neutrophil","ADGRE",5,0.0525477961232923,0.0476228522435578,-0.00492494387973455,0.0226491219437222
"Kupffer cell -> Inflammatory neutrophil","CD80",1,0.0111346444227619,0.00623182384247916,-0.00490282058028277,-0.00490282058028277
"Kupffer cell -> Inflammatory neutrophil","SIRP",3,0.0423958539209822,0.0472662338156304,0.00487037989464816,0.0122749276069444
"Fibroblast / stellate -> Monocyte-derived macrophage / DC-like","IL16",1,0.0101880081178425,0.00535717903533513,-0.0048308290825074,-0.0048308290825074
"Activated neutrophil -> Endothelial","MIF",1,0.058822158788333,0.0636349486753431,0.00481278988701007,0.00481278988701007
"Fibroblast / stellate -> Kupffer cell","FGF",3,0.0090963856164763,0.0138854451845364,0.00478905956806008,0.0126394642609131
"Monocyte-derived macrophage / DC-like -> NK cell","CD80",1,0.00882815981247181,0.0135042326174298,0.00467607280495804,0.00467607280495804
"Kupffer cell -> Endothelial","SELPLG",3,0.0958063433801497,0.100394139174363,0.00458779579421327,0.0348767113318183
"Fibroblast / stellate -> Kupffer cell","CDH5",1,0.0318516305588522,0.0363749954726728,0.00452336491382065,0.00452336491382065
"Fibroblast / stellate -> Kupffer cell","TNF",2,0.0177572560444187,0.0221500381016824,0.00439278205726372,0.0050277791999941
"Kupffer cell -> Neutrophil","IGF",1,0.222165410403099,0.217775407559023,-0.00439000284407659,-0.00439000284407659
"Fibroblast / stellate -> Monocyte-derived macrophage / DC-like","EPHA",2,0.0063075783808942,0.0106203405268378,0.00431276214594357,0.00450173273076558
"Activated neutrophil -> Endothelial","IGF",1,0.0127397727183082,0.00843188405061222,-0.00430788866769603,-0.00430788866769603
"Kupffer cell -> Endothelial","CD39",2,0.0163197802963672,0.0206061388841595,0.00428635858779228,0.00903173941798864
"Inflammatory neutrophil -> Endothelial","SEMA6",2,0.0360700797796023,0.0317939721914592,-0.00427610758814304,0.00458863473476469
"Fibroblast / stellate -> Monocyte-derived macrophage / DC-like","TULP",1,0.00692032315887729,0.0111522041577391,0.0042318809988618,0.0042318809988618
"Inflammatory neutrophil -> Endothelial","CD39",1,0.0195355215486639,0.015335468968955,-0.00420005257970885,-0.00420005257970885
"Kupffer cell -> Neutrophil","PECAM2",1,0.0247133068324672,0.0205837269939302,-0.00412957983853702,-0.00412957983853702
"Fibroblast / stellate -> Kupffer cell","ADGRG",8,0.0483520353037844,0.0442231404412305,-0.00412889486255392,0.0131937922444148
"Kupffer cell -> Endothelial","SEMA6",3,0.0302533086869001,0.0261275881332065,-0.00412572055369362,0.0203942211961492
"Inflammatory neutrophil -> Endothelial","GDF",1,0.00996080241178757,0.0140732876270299,0.00411248521524235,0.00411248521524235
"Fibroblast / stellate -> Kupffer cell","NRXN",2,0.0150761593154074,0.0191831535398147,0.00410699422440725,0.00995429175481903
"Fibroblast / stellate -> Endothelial","NCAM",1,0.0216500818929632,0.0256785353052497,0.00402845341228649,0.00402845341228649
"Kupffer cell -> Neutrophil","COMPLEMENT",1,0.00773745276168694,0.0117304550042124,0.00399300224252547,0.00399300224252547
"Kupffer cell -> Endothelial","HSPG",1,0.0125093845753519,0.00853566485277684,-0.0039737197225751,-0.0039737197225751
"Fibroblast / stellate -> Kupffer cell","PTPRM",1,0.0120566189251946,0.00822466284223284,-0.00383195608296177,-0.00383195608296177
"Neutrophil -> Endothelial","FN1",1,0.0107638148673513,0.0069324648958227,-0.00383134997152862,-0.00383134997152862
"Activated neutrophil -> Endothelial","FASLG",1,0.00902769948076862,0.0127552392967698,0.00372753981600121,0.00372753981600121
"Fibroblast / stellate -> Kupffer cell","ICOS",1,0.0204815639461527,0.0168864350742704,-0.00359512887188228,-0.00359512887188228
"Neutrophil -> Endothelial","AGRN",1,0.00677012453145107,0.0103276641241621,0.003557539592711,0.003557539592711
"Kupffer cell -> Inflammatory neutrophil","COMPLEMENT",2,0.0141546857489497,0.0106058248989656,-0.00354886084998413,0.00524715392445916
"Fibroblast / stellate -> Endothelial","PTPRM",1,0.0112508643248781,0.00770632252415554,-0.00354454180072257,-0.00354454180072257
"Monocyte-derived macrophage / DC-like -> NK cell","ICOS",2,0.0374133449294395,0.0409573012480603,0.00354395631862086,0.0148465340304053
"Fibroblast / stellate -> Monocyte-derived macrophage / DC-like","PECAM2",1,0.0121776531199944,0.00870058228613408,-0.00347707083386029,-0.00347707083386029
"Fibroblast / stellate -> Kupffer cell","PECAM2",1,0.0655073465686493,0.0689800315533118,0.00347268498466242,0.00347268498466242
"Activated neutrophil -> Endothelial","GRN",1,0.00886429661727063,0.0121511349960258,0.00328683837875518,0.00328683837875518
"Kupffer cell -> Endothelial","ADGRA",1,0.0167724028145907,0.0135721926117029,-0.00320021020288777,-0.00320021020288777
"Kupffer cell -> Neutrophil","CADM",1,0.0243222479044454,0.0211809585916545,-0.00314128931279086,-0.00314128931279086
"Kupffer cell -> Endothelial","MK",1,0.0246899834745572,0.021604587627834,-0.00308539584672322,-0.00308539584672322
"Kupffer cell -> Endothelial","IGF",1,0.1633716338606,0.16645346036019,0.00308182649959038,0.00308182649959038
"Monocyte-derived macrophage / DC-like -> NK cell","LAMININ",1,0.00967346206193895,0.0127267020200221,0.00305323995808319,0.00305323995808319
"Kupffer cell -> Endothelial","PARs",2,0.166339371173367,0.16331445124722,-0.00302491992614771,0.0973422958097522
"Fibroblast / stellate -> Endothelial","SEMA4",3,0.0161458619733036,0.0132004589425021,-0.00294540303080152,0.00434738843826351
"Kupffer cell -> Endothelial","CD86",2,0.0242351887748223,0.0270799372338133,0.00284474845899102,0.00593454794927945
"Monocyte-derived macrophage / DC-like -> NK cell","THBS",3,0.139567487880483,0.136753412567872,-0.00281407531261041,0.0105622513255793
"Neutrophil -> Endothelial","LAMININ",1,0.0129534630949592,0.0102029622937006,-0.00275050080125868,-0.00275050080125868
"Kupffer cell -> Inflammatory neutrophil","PARs",1,0.00810349668288131,0.0108236425334746,0.00272014585059326,0.00272014585059326
"Monocyte-derived macrophage / DC-like -> T cell","PECAM1",1,0.0191088911195187,0.0164943907291039,-0.00261450039041485,-0.00261450039041485
"Monocyte-derived macrophage / DC-like -> NK cell","PARs",4,0.0218630526309233,0.0244769382195253,0.00261388558860199,0.0173062477122864
"Fibroblast / stellate -> Endothelial","SELL",2,0.0719296629895059,0.0693163175221267,-0.00261334546737923,0.00625502878035512
"Fibroblast / stellate -> Endothelial","TNF",1,0.0372748304493813,0.0346897554085122,-0.00258507504086915,-0.00258507504086915
"Neutrophil -> Endothelial","COLLAGEN",1,0.00743580037015678,0.0100126387195684,0.00257683834941162,0.00257683834941162
"Fibroblast / stellate -> Monocyte-derived macrophage / DC-like","BST2",1,0.0197780586182548,0.0172031365058605,-0.00257492211239439,-0.00257492211239439
"Activated neutrophil -> Endothelial","EPHB",1,0.00794421233193626,0.0104664335121875,0.00252222118025124,0.00252222118025124
"Activated neutrophil -> Endothelial","ICAM",1,0.0120812152379293,0.0145431734894046,0.00246195825147522,0.00246195825147522
"Fibroblast / stellate -> Kupffer cell","PARs",1,0.0118781839844436,0.00945308459781802,-0.00242509938662562,-0.00242509938662562
"Kupffer cell -> Neutrophil","CD45",2,0.092869728832198,0.0905014246154802,-0.00236830421671778,0.020404836612673
"Monocyte-derived macrophage / DC-like -> T cell","LAMININ",1,0.00795907575057881,0.0103270522955712,0.0023679765449924,0.0023679765449924
"Inflammatory neutrophil -> Endothelial","ANNEXIN",2,0.0236264069135893,0.0259547607919654,0.00232835387837615,0.0156754762945879
"Fibroblast / stellate -> Endothelial","NOTCH",2,0.0159009221897561,0.0181923654163977,0.00229144322664157,0.0238314771862845
"Fibroblast / stellate -> Endothelial","CDH5",1,0.0592524887158626,0.0614701419835818,0.00221765326771923,0.00221765326771923
"Fibroblast / stellate -> Endothelial","COMPLEMENT",2,0.0191622253317872,0.0213406186126697,0.00217839328088244,0.0223421557170634
"Monocyte-derived macrophage / DC-like -> NK cell","SELL",1,0.00872089602173723,0.0108584130953008,0.00213751707356358,0.00213751707356358
"Fibroblast / stellate -> Kupffer cell","CSF",2,0.412149510061457,0.410150069533935,-0.00199944052752188,0.0263725231283913
"Inflammatory neutrophil -> Endothelial","LAMININ",1,0.0129587366051134,0.0109713707057973,-0.00198736589931608,-0.00198736589931608
"Fibroblast / stellate -> Kupffer cell","PECAM1",1,0.0189886733651463,0.0170638175371942,-0.00192485582795212,-0.00192485582795212
"Fibroblast / stellate -> Monocyte-derived macrophage / DC-like","CLEC",4,0.0313188329311026,0.033237551307519,0.00191871837641646,0.00793610543374493
"Fibroblast / stellate -> Endothelial","TULP",1,0.011536335624607,0.0096354341605596,-0.00190090146404738,-0.00190090146404738
"Kupffer cell -> Neutrophil","LAMININ",5,0.0190939592765852,0.0209933766592811,0.00189941738269586,0.0121245925838828
"Monocyte-derived macrophage / DC-like -> T cell","MHC-I",22,0.300844737996607,0.298948103193455,-0.00189663480315139,0.162473573405196
"Kupffer cell -> Inflammatory neutrophil","SN",1,0.0207709294235996,0.0188840254510952,-0.00188690397250437,-0.00188690397250437
"Fibroblast / stellate -> Kupffer cell","CD52",1,0.0359553088042886,0.0377521948538621,0.00179688604957343,0.00179688604957343
"Fibroblast / stellate -> Monocyte-derived macrophage / DC-like","TNF",2,0.0148383287721967,0.0165808979537661,0.00174256918156935,0.0027612976724115
"Monocyte-derived macrophage / DC-like -> NK cell","COLLAGEN",3,0.0122143075558992,0.0138447002694269,0.00163039271352771,0.0105588221536432
"Kupffer cell -> Endothelial","ICAM",2,0.0225377247481398,0.0241603268056078,0.00162260205746799,0.00849951567088715
"Activated neutrophil -> Endothelial","CD39",1,0.00939502177675586,0.0110120547853229,0.001617033008567,0.001617033008567
"Fibroblast / stellate -> Endothelial","MPZ",1,0.0356612599331294,0.0340717030340698,-0.0015895568990596,-0.0015895568990596
"Inflammatory neutrophil -> Endothelial","PARs",2,0.176898535148925,0.178464363340351,0.00156582819142605,0.0774904346215388
"Kupffer cell -> Endothelial","EGF",1,0.0108190746209241,0.00931688542753553,-0.00150218919338858,-0.00150218919338858
"Fibroblast / stellate -> Monocyte-derived macrophage / DC-like","ADGRG",5,0.021210565316675,0.0197109760654018,-0.00149958925127321,0.00670055728169843
"Monocyte-derived macrophage / DC-like -> T cell","COLLAGEN",2,0.013889078115375,0.0124007121022148,-0.00148836601316019,0.00849924763668145
"Monocyte-derived macrophage / DC-like -> NK cell","ICAM",2,0.138817491115082,0.137390612015081,-0.00142687910000119,0.00874006665554405
"Inflammatory neutrophil -> Endothelial","CCL",13,0.0709509821777759,0.0723272943504789,0.001376312172703,0.203815998261061
"Fibroblast / stellate -> Endothelial","CSF",1,0.0137197552385343,0.0123445678505882,-0.00137518738794605,-0.00137518738794605
"Activated neutrophil -> Endothelial","LAMININ",2,0.00866547360103837,0.00732021416621259,-0.00134525943482578,0.00917051741930043
"Neutrophil -> Endothelial","ADGRG",2,0.0141139881325007,0.0128073559144868,-0.00130663221801392,0.00673182956483444
"Activated neutrophil -> Endothelial","CD200",1,0.0104786679273309,0.0117534644502856,0.0012747965229547,0.0012747965229547
"Monocyte-derived macrophage / DC-like -> NK cell","KLK",1,0.0155073756941026,0.0167495613900905,0.00124218569598793,0.00124218569598793
"Fibroblast / stellate -> Kupffer cell","CADM",2,0.073910571471974,0.0726751785745549,-0.00123539289741907,0.0385782523911121
"Kupffer cell -> Inflammatory neutrophil","PECAM1",2,0.0292700475154324,0.0304847266339458,0.00121467911851337,0.00461132184047617
"Kupffer cell -> Endothelial","SIRP",3,0.104351062134374,0.103138259350268,-0.00121280278410579,0.02388711801226
"Activated neutrophil -> Endothelial","ANNEXIN",2,0.0209320891729198,0.0197291885730215,-0.00120290059989838,0.0102041309628834
"Fibroblast / stellate -> Kupffer cell","SEMA3",1,0.0280521045690504,0.0269060615068743,-0.0011460430621761,-0.0011460430621761
"Kupffer cell -> Inflammatory neutrophil","CADM",2,0.0164039563449586,0.0175141203359348,0.00111016399097629,0.0144537836307562
"Inflammatory neutrophil -> Endothelial","VEGF",3,0.125423850390617,0.124347637505593,-0.00107621288502359,0.03540745309336
"Neutrophil -> Endothelial","MIF",1,0.0286415470941895,0.0296236346022186,0.000982087508029066,0.000982087508029066
"Kupffer cell -> Inflammatory neutrophil","CD39",1,0.0209525335370972,0.0200214029886366,-0.000931130548460626,-0.000931130548460626
"Monocyte-derived macrophage / DC-like -> NK cell","MK",1,0.0299987933688192,0.0308775434697037,0.000878750100884566,0.000878750100884566
"Inflammatory neutrophil -> Endothelial","ICAM",1,0.0150149608769775,0.015880690684174,0.000865729807196406,0.000865729807196406
"Fibroblast / stellate -> Kupffer cell","NCAM",1,0.0118088876078465,0.0109577211866614,-0.000851166421185051,-0.000851166421185051
"Kupffer cell -> Inflammatory neutrophil","LAMININ",7,0.0266055456272187,0.0257889959276944,-0.000816549699524333,0.0170402356773695
"Neutrophil -> Endothelial","COMPLEMENT",2,0.00898954221516688,0.0081873390047208,-0.000802203210446089,0.0071193149871432
"Monocyte-derived macrophage / DC-like -> NK cell","CD200",3,0.0174807663559672,0.0181817210081889,0.000700954652221639,0.00307958221985339
"Fibroblast / stellate -> Endothelial","ncWNT",9,0.0515332082857344,0.0508702846185653,-0.000662923667169159,0.0321052129212235
"Inflammatory neutrophil -> Endothelial","GRN",1,0.0135057084955492,0.0128743671046241,-0.000631341390925138,-0.000631341390925138
"Kupffer cell -> Endothelial","AGRN",1,0.0168962177778542,0.0175184223883803,0.000622204610526058,0.000622204610526058
"Fibroblast / stellate -> Monocyte-derived macrophage / DC-like","CD6",1,0.0179813232441746,0.018583465965004,0.000602142720829372,0.000602142720829372
"Monocyte-derived macrophage / DC-like -> T cell","MK",1,0.0329394736205396,0.0335323967392158,0.000592923118676224,0.000592923118676224
"Fibroblast / stellate -> Monocyte-derived macrophage / DC-like","CADM",2,0.0247726183958691,0.0241981958810687,-0.00057442251480045,0.0128451574033873
"Kupffer cell -> Inflammatory neutrophil","MK",1,0.0126607382253782,0.0121484836890983,-0.000512254536279944,-0.000512254536279944
"Fibroblast / stellate -> Endothelial","CCL",14,0.0277650462679414,0.027260965142294,-0.00050408112564738,0.109216155203112
"Fibroblast / stellate -> Endothelial","SEMA6",2,0.00879206545924474,0.00830177136350389,-0.000490294095740849,0.00707119890992243
"Monocyte-derived macrophage / DC-like -> NK cell","GRN",1,0.0102742662817333,0.00980131365187267,-0.000472952629860598,-0.000472952629860598
"Kupffer cell -> Neutrophil","ICAM",2,0.0786750802409432,0.0782114438014639,-0.000463636439479363,0.00473959330968562
"Monocyte-derived macrophage / DC-like -> T cell","JAM",1,0.0113845876002712,0.0109413071778403,-0.000443280422430914,-0.000443280422430914
"Kupffer cell -> Neutrophil","MK",1,0.0107965919496083,0.0112331368501589,0.000436544900550603,0.000436544900550603
"Neutrophil -> Endothelial","CEACAM",6,0.040998433556519,0.0406069908602159,-0.000391442696303132,0.0104499446645475
"Fibroblast / stellate -> Monocyte-derived macrophage / DC-like","SLITRK",1,0.0110937750798646,0.0112352300414553,0.000141454961590723,0.000141454961590723
"Fibroblast / stellate -> Endothelial","NECTIN",2,0.0123240231646508,0.0124498308341974,0.000125807669546594,0.00667806074792556
"Kupffer cell -> Inflammatory neutrophil","FASLG",1,0.0102068371219773,0.0101217115188824,-8.51256030948329e-05,-8.51256030948329e-05
"Fibroblast / stellate -> Kupffer cell","GRN",1,0.0153264993037354,0.0152740078711638,-5.24914325716382e-05,-5.24914325716382e-05
"Fibroblast / stellate -> Endothelial","SEMA5",1,0.0211659030619506,0.0211225139961451,-4.33890658055533e-05,-4.33890658055533e-05
